student_id,programming_score,mathematics_score,database_score,ai_score,ml_score,web_score,data_science_score,interest_ai,interest_web,interest_data,interest_programming,interest_cloud,interest_security,preferred_elective
S0001,74.6,69.1,58.2,85.0,65.1,61.1,64.5,5,3,2,2,1,2,Artificial Intelligence
S0002,54.4,59.1,55.0,73.8,77.9,60.5,58.9,5,5,3,4,3,4,Artificial Intelligence
S0003,81.3,63.8,71.5,99.3,65.5,54.6,77.3,5,2,4,5,3,3,Artificial Intelligence
S0004,84.1,79.5,68.8,29.0,100.0,71.4,72.1,5,5,3,4,4,3,Machine Learning
S0005,40.7,70.0,43.9,54.7,88.6,68.5,0.3,3,3,2,4,2,1,Machine Learning
S0006,50.5,75.1,81.8,50.7,53.8,41.1,70.9,2,5,2,4,1,3,Data Science
S0007,71.9,80.1,63.6,20.5,53.6,40.2,39.9,3,2,5,1,3,3,Cyber Security
S0008,65.3,64.4,48.3,81.2,69.4,71.4,31.6,2,5,2,1,3,3,Web Development
S0009,69.7,81.3,82.8,54.6,43.2,52.8,56.2,5,4,5,2,4,2,Data Science
S0010,57.2,75.7,74.4,74.8,83.3,69.5,68.2,3,4,4,4,1,1,Machine Learning
S0011,83.2,51.5,46.0,100.0,67.2,76.7,27.2,2,3,5,4,4,5,Web Development
S0012,81.7,91.6,91.7,52.9,65.1,45.9,74.1,4,3,3,4,3,5,Cyber Security
S0013,71.0,62.5,74.9,51.6,73.7,43.8,75.3,2,3,2,2,4,5,Cyber Security
S0014,86.9,45.2,64.8,62.4,94.5,90.1,60.9,2,5,1,5,5,2,Web Development
S0015,77.0,54.3,88.9,79.7,63.4,70.3,42.6,2,4,3,3,2,4,Cyber Security
S0016,57.1,54.7,67.4,48.7,57.7,58.7,40.4,1,1,2,2,4,1,Cloud Computing
S0017,75.5,70.8,64.6,47.4,90.2,51.0,80.5,1,4,1,4,1,5,Cyber Security
S0018,55.6,65.9,55.1,81.1,79.4,57.3,29.8,3,5,5,1,5,1,Artificial Intelligence
S0019,83.2,64.9,73.7,67.6,53.6,47.1,81.3,5,4,5,3,3,3,Data Science
S0020,69.3,79.3,72.1,19.1,60.1,78.3,56.7,2,3,2,4,4,5,Cyber Security
S0021,67.2,75.1,65.2,35.5,63.9,53.3,58.1,4,2,4,4,4,4,Machine Learning
S0022,59.8,74.7,53.2,90.0,67.2,81.4,25.8,2,4,3,2,4,5,Web Development
S0023,88.3,76.1,66.9,68.0,32.9,59.0,57.1,2,4,3,1,2,3,Cyber Security
S0024,67.7,79.2,64.0,44.8,29.2,49.3,72.3,1,2,4,1,4,1,Data Science
S0025,63.6,38.4,45.0,56.6,42.3,58.6,33.3,3,3,3,1,3,1,Web Development
S0026,64.7,64.5,42.9,60.3,40.7,25.6,70.0,4,2,5,5,4,1,Data Science
S0027,78.0,37.3,73.5,74.7,47.1,63.2,61.8,2,1,1,4,4,1,Cloud Computing
S0028,75.5,70.5,26.0,32.8,72.7,62.4,47.1,3,1,4,3,3,3,Machine Learning
S0029,76.2,69.9,68.1,43.2,56.6,77.4,77.1,3,1,5,3,1,1,Data Science
S0030,76.5,85.7,57.8,65.5,63.9,36.7,16.0,2,3,5,2,2,1,Machine Learning
S0031,100.0,87.8,84.6,58.0,35.5,82.4,66.9,4,3,1,1,5,3,Cloud Computing
S0032,63.9,73.0,57.6,71.4,50.8,77.3,92.4,3,3,1,1,3,4,Data Science
S0033,62.3,62.5,74.9,35.4,71.7,83.8,88.8,1,5,4,4,4,4,Web Development
S0034,57.8,77.3,59.0,67.1,71.9,64.2,67.8,3,2,5,1,2,1,Data Science
S0035,79.2,62.1,66.7,81.8,45.5,80.2,54.0,2,2,5,1,4,5,Cyber Security
S0036,86.9,70.0,76.1,69.7,63.2,42.9,47.3,4,2,5,4,3,3,Machine Learning
S0037,68.3,84.8,58.1,62.8,100.0,75.7,53.9,2,2,1,3,2,2,Machine Learning
S0038,57.4,61.6,79.9,58.1,59.6,53.4,70.9,5,3,3,3,1,2,Data Science
S0039,57.6,82.1,50.1,43.3,46.1,40.2,43.9,4,2,4,2,2,5,Cyber Security
S0040,79.8,80.2,69.4,58.6,56.5,48.1,75.1,1,2,4,1,3,3,Data Science
S0041,81.1,55.7,78.8,85.2,61.8,65.1,100.0,3,4,4,3,2,2,Data Science
S0042,78.1,84.6,74.9,57.6,57.0,52.6,58.8,5,5,2,2,2,3,Machine Learning
S0043,60.0,80.5,93.7,42.2,59.4,70.6,33.1,2,2,3,3,2,1,Machine Learning
S0044,73.5,71.5,53.5,50.2,31.1,37.9,33.1,4,1,3,1,2,1,Machine Learning
S0045,71.8,58.6,44.3,64.0,40.7,33.1,75.5,4,2,5,2,4,2,Data Science
S0046,73.3,57.1,50.1,52.5,57.0,85.6,58.8,4,3,2,1,3,2,Web Development
S0047,83.1,61.9,74.9,69.7,56.7,78.6,77.5,1,5,2,3,3,2,Web Development
S0048,73.4,78.1,72.5,70.5,48.7,49.3,49.3,2,1,1,2,1,1,Machine Learning
S0049,80.2,55.7,66.5,77.8,56.5,65.0,76.6,2,1,1,2,3,4,Cyber Security
S0050,71.0,76.6,48.2,88.5,61.2,80.3,56.8,2,3,5,3,5,1,Cloud Computing
S0051,74.3,51.4,76.5,79.9,77.8,71.3,45.3,5,5,5,3,4,2,Web Development
S0052,79.5,66.9,46.6,41.3,58.0,67.2,52.0,1,3,2,2,3,5,Cyber Security
S0053,48.1,71.6,82.4,41.9,68.0,81.4,36.1,3,5,4,4,2,1,Web Development
S0054,65.2,100.0,100.0,58.5,49.2,54.0,99.8,5,4,3,2,2,2,Data Science
S0055,62.9,49.3,70.5,51.0,71.4,65.5,58.1,5,1,5,2,1,3,Machine Learning
S0056,60.4,92.1,73.7,37.2,67.5,64.7,72.9,4,3,2,3,1,2,Machine Learning
S0057,65.9,72.2,57.6,51.2,77.3,60.9,49.3,5,4,5,1,4,2,Machine Learning
S0058,92.4,76.2,37.8,50.5,74.3,59.2,39.0,3,3,2,3,5,1,Machine Learning
S0059,57.0,71.8,56.0,46.6,71.8,66.1,55.3,4,1,4,3,5,3,Cloud Computing
S0060,84.5,76.7,48.6,53.7,58.0,65.5,82.0,3,1,2,1,4,4,Cyber Security
S0061,44.8,67.7,43.3,83.6,64.9,49.3,49.6,1,4,4,3,5,3,Artificial Intelligence
S0062,65.0,91.8,90.8,64.0,81.3,77.0,42.6,1,3,2,1,3,5,Cyber Security
S0063,72.4,63.2,69.1,100.0,47.0,50.4,63.1,5,3,5,4,2,4,Artificial Intelligence
S0064,78.8,87.0,70.7,63.4,47.4,61.7,70.0,1,2,4,1,2,4,Cyber Security
S0065,80.7,60.3,60.4,54.2,63.6,60.6,92.9,2,2,2,1,2,3,Data Science
S0066,81.9,69.1,62.4,60.1,68.3,70.4,67.1,4,4,5,2,4,4,Web Development
S0067,64.8,53.9,79.5,65.1,43.5,33.2,72.9,3,1,4,4,1,3,Data Science
S0068,63.1,76.8,64.5,68.7,58.5,78.4,74.4,3,3,3,4,5,5,Cloud Computing
S0069,82.9,91.7,73.0,100.0,58.1,54.8,36.9,5,2,1,3,4,3,Artificial Intelligence
S0070,67.1,68.8,62.1,43.1,15.7,83.3,40.7,4,4,5,1,2,3,Web Development
S0071,50.9,67.0,59.9,77.2,55.6,57.8,38.3,5,4,4,2,4,1,Artificial Intelligence
S0072,53.0,53.3,43.9,64.2,56.9,64.3,33.4,4,3,4,4,1,5,Cyber Security
S0073,56.2,66.6,35.3,28.6,56.8,93.7,75.9,5,2,5,1,3,3,Data Science
S0074,77.5,46.1,61.1,75.4,88.3,60.8,65.8,4,2,4,4,1,4,Machine Learning
S0075,72.1,56.3,65.8,85.4,35.7,83.6,61.6,3,2,2,2,1,4,Cyber Security
S0076,80.4,73.4,45.7,42.9,43.5,65.6,8.1,5,2,2,1,1,1,Machine Learning
S0077,63.6,89.8,64.5,59.8,7.8,71.2,100.0,5,4,1,4,4,4,Data Science
S0078,72.4,100.0,65.8,25.5,50.4,66.0,42.1,1,1,1,1,4,3,Cloud Computing
S0079,79.4,61.2,32.7,34.8,52.1,77.7,100.0,5,1,4,2,5,2,Cloud Computing
S0080,65.4,91.5,51.3,81.0,49.8,54.7,31.0,4,3,5,1,5,2,Artificial Intelligence
S0081,76.9,73.7,71.1,50.7,82.2,50.2,43.8,5,2,1,3,5,4,Machine Learning
S0082,60.1,67.7,70.8,37.8,77.2,55.4,15.9,4,5,3,1,5,1,Cloud Computing
S0083,64.6,76.5,47.7,64.6,61.6,66.5,67.2,5,4,1,1,1,4,Artificial Intelligence
S0084,64.3,70.9,67.4,49.6,52.6,61.7,38.0,2,4,3,3,4,5,Cyber Security
S0085,52.1,71.7,80.3,50.6,80.5,75.7,38.5,1,3,4,5,4,1,Web Development
S0086,77.3,63.9,76.7,74.8,59.6,84.6,32.5,1,3,5,1,1,1,Web Development
S0087,63.0,49.0,63.6,36.8,43.6,50.4,75.5,2,3,5,3,1,1,Data Science
S0088,70.2,46.8,58.0,41.9,25.7,54.0,74.2,2,1,2,5,5,4,Cloud Computing
S0089,77.2,79.8,55.6,63.1,51.2,43.5,96.2,3,3,5,2,5,5,Data Science
S0090,76.7,65.8,72.0,79.4,75.1,95.5,46.3,1,5,4,3,2,5,Web Development
S0091,80.0,61.1,67.9,84.8,100.0,69.6,64.4,1,2,2,5,1,1,Machine Learning
S0092,68.5,70.1,74.4,46.7,61.2,72.2,34.2,3,1,2,4,2,3,Machine Learning
S0093,63.7,81.9,67.0,78.7,44.7,44.9,53.3,4,3,1,2,1,1,Artificial Intelligence
S0094,68.8,72.7,77.3,44.3,36.3,65.0,49.6,1,2,5,4,4,2,Cloud Computing
S0095,44.7,60.2,66.4,96.5,71.0,72.6,69.3,3,4,2,4,2,2,Artificial Intelligence
S0096,48.3,88.4,76.8,37.3,24.7,61.2,80.3,4,5,2,3,1,4,Data Science
S0097,50.2,93.7,78.1,86.6,71.0,81.1,79.8,4,5,3,3,5,5,Artificial Intelligence
S0098,55.0,77.4,52.9,46.9,76.4,99.7,43.1,1,2,1,5,5,5,Web Development
S0099,76.0,84.6,37.9,100.0,68.7,50.8,80.0,4,5,5,5,5,1,Artificial Intelligence
S0100,56.4,88.6,88.2,71.8,55.6,49.7,59.1,1,1,4,5,5,2,Data Science
S0101,64.3,87.0,68.8,39.7,71.3,51.8,53.5,2,2,1,4,1,2,Machine Learning
S0102,89.5,79.2,39.3,49.6,63.4,89.1,45.8,2,2,1,2,4,2,Web Development
S0103,64.7,79.0,54.3,75.6,44.4,80.6,48.8,5,5,1,1,4,2,Web Development
S0104,81.1,77.8,76.6,81.1,97.0,63.0,94.8,1,4,5,1,4,4,Data Science
S0105,56.0,53.5,60.8,58.6,53.0,65.5,66.1,4,2,3,5,2,4,Machine Learning
S0106,66.9,80.5,57.3,60.9,75.5,52.8,63.5,5,1,4,2,2,5,Machine Learning
S0107,55.7,49.7,86.0,75.2,11.6,78.4,54.8,5,4,1,1,5,4,Cloud Computing
S0108,64.9,58.1,49.3,62.6,85.5,59.3,100.0,2,4,2,2,1,2,Machine Learning
S0109,82.6,89.6,53.0,34.1,89.4,61.1,86.1,1,5,3,1,4,1,Machine Learning
S0110,44.1,82.6,68.2,43.7,60.6,74.1,45.6,2,3,2,3,4,2,Web Development
S0111,76.5,92.3,70.9,64.7,71.2,62.2,54.5,4,1,4,3,4,4,Machine Learning
S0112,73.6,65.9,72.4,84.3,71.2,61.5,55.7,1,2,5,2,3,5,Cyber Security
S0113,61.1,52.7,78.7,92.3,47.1,65.2,62.9,4,4,2,4,4,2,Web Development
S0114,48.3,66.4,68.0,75.6,70.9,76.9,46.0,2,2,4,3,5,1,Cloud Computing
S0115,71.1,71.5,72.3,65.7,43.8,89.7,68.8,4,1,5,5,4,1,Cloud Computing
S0116,62.1,71.2,61.1,75.0,47.8,73.8,89.0,4,5,5,4,1,1,Web Development
S0117,73.5,87.0,65.9,46.7,82.5,77.0,33.7,3,3,1,1,2,4,Machine Learning
S0118,70.3,64.6,66.6,56.9,79.5,62.0,37.4,4,2,1,2,2,3,Machine Learning
S0119,94.0,75.3,68.2,43.5,45.9,54.4,50.3,5,3,5,4,2,4,Cyber Security
S0120,66.4,55.2,76.6,35.0,45.3,74.8,51.3,2,4,5,3,2,1,Web Development
S0121,54.6,76.8,73.3,66.7,47.1,67.6,100.0,3,1,2,4,2,3,Data Science
S0122,72.7,70.0,65.7,63.7,74.7,43.7,80.0,4,3,3,2,4,1,Machine Learning
S0123,73.3,58.8,52.9,73.8,40.0,60.1,78.9,5,2,3,1,1,2,Artificial Intelligence
S0124,90.4,66.5,66.0,70.9,67.1,63.8,54.7,3,1,4,4,4,4,Cyber Security
S0125,82.5,67.2,64.6,64.9,74.9,57.3,54.3,2,1,4,4,4,2,Machine Learning
S0126,75.4,65.9,67.9,71.1,58.2,87.2,31.0,5,3,2,4,5,4,Cloud Computing
S0127,91.9,96.6,98.1,59.1,80.2,72.2,75.6,5,3,5,3,1,2,Machine Learning
S0128,52.2,68.5,57.1,68.3,53.9,85.6,69.8,3,3,1,1,2,3,Web Development
S0129,60.4,66.3,71.3,45.5,55.7,69.0,85.7,1,4,1,4,5,3,Cloud Computing
S0130,56.1,38.5,81.0,67.4,40.5,66.2,55.8,2,3,5,4,3,2,Web Development
S0131,64.2,56.6,66.5,73.4,80.3,51.0,57.2,3,3,1,4,3,1,Machine Learning
S0132,49.3,66.1,100.0,46.6,44.7,65.2,63.4,4,5,5,1,1,3,Data Science
S0133,79.5,59.7,59.3,61.0,67.0,65.2,77.8,4,4,2,4,4,5,Cyber Security
S0134,66.7,90.7,69.9,47.5,58.6,44.5,30.6,5,5,2,4,2,4,Machine Learning
S0135,47.9,67.5,53.0,49.5,38.9,56.9,74.7,1,2,1,5,5,4,Cloud Computing
S0136,54.8,89.3,59.7,37.5,47.8,60.2,59.6,3,4,5,3,2,5,Data Science
S0137,74.7,70.9,68.7,85.3,87.7,71.2,38.8,4,4,2,4,1,1,Machine Learning
S0138,82.6,70.6,77.7,81.3,64.0,71.9,18.3,5,3,1,3,3,4,Cyber Security
S0139,100.0,68.7,69.8,70.7,39.8,56.3,57.3,1,1,3,4,3,2,Cloud Computing
S0140,100.0,70.1,83.9,99.4,66.1,72.0,89.0,5,3,1,4,3,4,Cyber Security
S0141,76.2,95.8,63.6,56.2,57.1,62.3,93.5,1,5,4,4,5,5,Data Science
S0142,55.2,35.2,60.0,100.0,100.0,22.0,67.1,1,4,1,5,2,5,Artificial Intelligence
S0143,38.0,40.0,100.0,55.4,65.7,57.7,99.2,5,1,3,1,2,3,Data Science
S0144,74.0,61.9,70.9,65.1,52.4,81.2,59.1,4,2,2,4,4,5,Cyber Security
S0145,57.8,70.2,54.2,52.0,88.4,39.8,79.1,5,3,1,4,1,4,Machine Learning
S0146,63.8,80.4,54.6,67.4,23.2,66.7,51.0,4,5,1,3,5,1,Web Development
S0147,60.8,77.1,50.9,76.7,61.9,88.8,49.7,4,3,3,3,2,2,Web Development
S0148,67.9,64.2,79.0,57.7,99.9,53.6,46.4,3,5,2,4,2,5,Machine Learning
S0149,86.0,85.3,59.5,95.5,57.7,65.0,18.8,3,4,1,3,1,5,Cyber Security
S0150,72.4,85.5,66.9,64.8,25.3,45.4,85.7,3,2,1,3,2,5,Cyber Security
S0151,67.6,72.8,64.0,65.4,52.1,89.4,47.2,2,1,5,5,3,2,Web Development
S0152,54.5,84.4,76.0,41.8,89.1,63.8,44.0,5,5,4,4,4,2,Machine Learning
S0153,44.9,74.1,52.3,68.4,67.5,65.7,36.4,2,3,4,2,5,5,Cyber Security
S0154,62.7,61.6,48.9,57.3,43.2,85.3,55.9,4,5,5,5,4,1,Web Development
S0155,69.2,80.5,68.4,47.8,46.3,74.9,95.3,4,5,1,2,2,5,Cyber Security
S0156,96.5,71.7,74.0,44.5,48.8,51.9,100.0,3,3,4,1,5,4,Cloud Computing
S0157,72.0,70.0,70.0,100.0,67.2,55.3,26.8,4,1,4,5,1,4,Artificial Intelligence
S0158,84.7,92.1,52.9,54.7,86.8,72.4,52.9,1,5,2,2,2,3,Web Development
S0159,62.5,33.2,75.2,30.9,81.0,55.6,39.3,2,3,3,2,2,5,Cyber Security
S0160,52.2,48.7,53.8,46.0,69.1,33.2,79.8,3,1,4,2,3,4,Data Science
S0161,55.5,52.2,57.2,59.0,33.4,64.2,65.7,2,3,4,3,2,1,Web Development
S0162,59.1,64.6,50.8,70.9,33.4,42.8,47.3,5,1,2,1,5,3,Cloud Computing
S0163,100.0,66.2,84.5,71.1,70.7,89.2,61.5,5,2,4,1,2,5,Cyber Security
S0164,57.7,47.4,74.5,73.5,33.1,67.7,50.5,4,2,4,2,2,1,Web Development
S0165,82.6,55.2,74.1,47.1,55.5,51.4,92.3,2,3,1,2,4,4,Cyber Security
S0166,56.5,57.1,83.7,66.8,66.1,54.5,70.9,1,3,3,1,3,2,Data Science
S0167,84.0,100.0,100.0,42.5,37.2,36.7,73.4,4,5,3,5,3,3,Data Science
S0168,75.8,97.0,39.4,47.6,39.5,48.5,6.7,5,2,2,3,5,5,Cyber Security
S0169,67.7,63.8,53.9,41.6,58.1,80.2,58.7,3,4,1,1,3,3,Web Development
S0170,69.4,64.5,55.8,36.2,70.1,98.5,100.0,5,5,1,1,1,1,Web Development
S0171,60.2,52.8,52.2,81.3,81.2,75.9,86.5,5,4,4,5,4,1,Artificial Intelligence
S0172,76.7,41.4,48.8,73.8,72.1,63.6,23.1,3,2,5,2,4,4,Cloud Computing
S0173,63.2,68.2,60.5,79.5,61.5,58.5,53.7,2,4,3,1,2,5,Cyber Security
S0174,51.6,55.0,46.8,60.8,45.1,50.7,36.0,1,2,5,4,5,2,Cloud Computing
S0175,50.8,68.7,70.0,75.5,38.6,95.9,94.2,4,3,5,5,2,5,Data Science
S0176,72.6,46.0,65.8,24.8,49.8,62.2,64.9,3,4,4,2,1,3,Web Development
S0177,93.7,58.6,72.2,77.3,68.2,96.7,44.6,1,2,3,4,1,1,Web Development
S0178,72.4,72.2,72.6,63.5,66.7,85.9,60.7,1,1,5,3,4,3,Cloud Computing
S0179,68.2,75.5,74.0,72.5,18.0,38.9,7.9,5,5,4,1,2,5,Cyber Security
S0180,74.3,76.3,59.4,67.6,44.3,55.0,38.3,2,4,5,4,3,2,Web Development
S0181,89.6,50.2,96.8,40.3,84.1,55.0,60.7,2,1,5,5,4,5,Cyber Security
S0182,73.3,82.8,68.5,30.0,61.6,63.8,76.9,4,2,1,5,5,4,Cloud Computing
S0183,63.8,58.0,37.1,45.8,31.7,64.1,21.2,2,2,4,1,3,2,Web Development
S0184,86.6,79.5,50.0,71.3,100.0,100.0,52.4,5,5,4,3,5,4,Web Development
S0185,76.4,69.8,38.9,73.8,59.4,48.8,80.2,4,5,5,4,2,3,Web Development
S0186,93.0,49.4,65.3,32.6,67.7,68.4,31.0,2,4,2,1,5,1,Cloud Computing
S0187,72.7,65.3,63.2,40.4,68.0,74.2,64.6,2,3,5,5,2,5,Cyber Security
S0188,51.6,75.5,58.0,45.5,52.6,65.0,61.3,5,1,3,1,1,2,Data Science
S0189,49.5,79.2,95.2,52.9,45.4,66.7,94.3,3,2,2,2,4,3,Data Science
S0190,94.8,67.9,73.2,32.8,100.0,49.3,55.4,5,1,1,5,4,4,Machine Learning
S0191,95.9,93.0,75.9,31.6,80.1,66.6,56.6,2,4,2,3,5,1,Cloud Computing
S0192,67.3,85.1,51.0,43.6,76.4,72.7,77.1,1,1,5,4,5,4,Data Science
S0193,64.3,66.2,50.0,61.7,71.5,69.9,33.5,5,4,4,3,1,2,Machine Learning
S0194,91.9,81.3,65.6,36.4,39.9,73.6,55.6,2,5,4,4,4,3,Web Development
S0195,53.4,99.0,67.6,57.7,85.6,86.2,50.9,5,2,5,1,4,3,Artificial Intelligence
S0196,56.6,99.4,37.2,81.2,43.1,79.1,57.2,4,4,2,4,4,4,Web Development
S0197,79.6,51.6,62.3,34.0,65.7,66.1,77.0,2,5,4,1,1,1,Web Development
S0198,64.1,56.1,65.2,55.9,27.2,47.4,71.1,4,3,2,1,1,1,Data Science
S0199,69.9,92.3,61.8,80.5,19.2,56.0,45.0,1,3,5,3,4,3,Cloud Computing
S0200,67.5,54.1,52.8,51.6,66.4,61.7,62.7,2,2,3,3,5,1,Cloud Computing
S0201,75.1,50.2,56.9,48.5,43.8,68.8,89.8,2,3,5,1,1,2,Data Science
S0202,91.1,62.7,62.3,83.3,20.2,57.8,43.4,4,5,4,4,1,4,Web Development
S0203,71.4,76.3,66.4,53.9,70.8,51.0,62.9,3,4,4,2,3,5,Cyber Security
S0204,79.7,68.5,74.1,82.1,100.0,47.2,56.1,4,2,5,5,2,4,Machine Learning
S0205,39.2,60.2,81.2,68.6,87.8,40.2,58.7,3,3,4,1,5,2,Artificial Intelligence
S0206,69.3,59.9,60.6,53.1,54.9,61.5,27.4,4,4,2,2,5,5,Cyber Security
S0207,57.4,59.3,58.2,69.6,60.2,43.0,88.2,1,1,3,2,3,3,Data Science
S0208,51.7,56.8,71.6,66.4,77.8,50.0,44.5,4,4,3,3,5,1,Cloud Computing
S0209,56.8,100.0,74.2,80.4,82.4,59.1,80.5,1,2,1,3,2,4,Artificial Intelligence
S0210,65.0,74.5,58.5,49.0,53.1,45.0,47.6,1,2,3,1,5,3,Cloud Computing
S0211,83.7,83.3,76.9,60.8,60.7,70.7,47.5,4,3,3,3,3,2,Machine Learning
S0212,50.1,62.7,79.7,58.8,66.0,76.1,84.3,1,3,2,5,3,4,Web Development
S0213,70.5,67.2,84.4,74.1,71.1,56.8,79.9,4,5,1,1,1,4,Cyber Security
S0214,62.7,59.3,91.7,39.5,57.3,58.4,64.2,1,2,3,2,1,2,Data Science
S0215,65.1,30.2,52.0,80.3,57.6,73.1,75.2,1,2,3,3,1,1,Web Development
S0216,85.0,49.3,65.2,69.3,87.6,54.3,54.2,5,2,1,4,3,3,Machine Learning
S0217,78.1,42.8,65.2,33.7,84.2,53.3,59.8,1,5,4,1,1,1,Web Development
S0218,90.1,36.3,63.5,84.2,69.5,82.9,46.8,5,5,1,2,1,4,Web Development
S0219,67.7,52.1,55.3,100.0,94.4,78.3,78.1,2,3,1,2,4,3,Artificial Intelligence
S0220,59.6,89.9,42.7,80.0,52.3,74.0,46.1,4,4,3,4,5,2,Web Development
S0221,66.6,69.3,66.4,88.5,92.5,78.9,89.7,5,5,2,1,1,3,Artificial Intelligence
S0222,73.6,89.4,53.5,61.7,70.9,35.3,53.7,1,5,5,4,3,2,Machine Learning
S0223,72.6,76.2,66.3,26.8,100.0,85.3,60.4,2,4,1,3,5,2,Machine Learning
S0224,53.7,81.7,53.1,23.1,36.2,70.9,75.2,3,3,2,2,3,2,Data Science
S0225,71.4,56.5,48.5,65.1,46.2,80.2,60.5,5,5,4,5,1,4,Web Development
S0226,73.4,77.9,68.5,48.2,68.4,70.8,54.0,1,2,2,5,1,5,Cyber Security
S0227,100.0,80.9,67.3,41.7,67.9,65.7,59.4,1,2,5,5,5,4,Cloud Computing
S0228,98.2,61.4,73.7,58.7,99.0,60.9,77.9,2,4,4,5,3,2,Machine Learning
S0229,57.2,78.4,97.8,72.3,46.6,70.5,46.7,2,1,5,2,1,5,Cyber Security
S0230,65.7,78.5,69.2,30.9,78.1,60.3,57.5,2,3,5,5,5,1,Machine Learning
S0231,48.0,61.8,72.3,51.0,83.2,78.0,60.2,1,5,1,1,5,2,Cloud Computing
S0232,61.1,53.2,48.8,90.2,74.1,41.2,77.3,5,1,3,2,4,1,Artificial Intelligence
S0233,74.7,52.2,45.7,38.5,40.8,56.9,58.0,4,5,4,3,1,5,Web Development
S0234,88.1,71.3,88.7,77.4,88.2,95.7,96.2,1,3,1,4,1,1,Web Development
S0235,59.1,74.9,51.1,50.3,84.6,55.6,56.9,3,5,3,3,2,3,Machine Learning
S0236,60.2,58.1,49.3,70.9,72.0,61.4,55.2,4,4,4,3,1,1,Artificial Intelligence
S0237,37.8,70.4,64.4,81.9,64.1,51.8,56.6,4,1,4,2,3,2,Artificial Intelligence
S0238,67.6,78.6,63.6,74.8,64.5,70.0,33.7,5,4,3,3,2,4,Artificial Intelligence
S0239,54.1,79.3,51.5,78.2,58.4,54.0,39.3,4,1,5,3,4,5,Artificial Intelligence
S0240,62.1,93.3,60.4,37.0,72.8,62.2,49.4,4,2,4,3,1,1,Machine Learning
S0241,56.8,89.2,83.4,82.3,60.6,77.7,82.7,1,5,1,3,4,1,Web Development
S0242,68.6,55.0,52.9,42.9,43.0,54.5,59.3,1,5,2,4,5,2,Web Development
S0243,43.6,95.3,44.1,65.2,39.0,76.8,50.3,4,1,5,2,1,5,Data Science
S0244,48.0,62.0,79.1,65.2,45.0,77.3,84.5,5,2,1,1,4,1,Cloud Computing
S0245,100.0,85.7,72.4,69.7,64.4,80.8,91.0,2,1,1,2,3,1,Cloud Computing
S0246,50.7,71.0,55.7,66.7,59.5,67.1,85.1,4,2,2,3,1,3,Data Science
S0247,53.5,63.8,41.3,43.1,64.3,100.0,42.9,2,5,5,1,2,2,Web Development
S0248,97.6,42.9,53.8,33.0,70.0,80.8,50.1,3,1,4,1,4,1,Cloud Computing
S0249,100.0,67.4,64.2,77.4,47.5,69.9,96.3,4,4,1,5,5,3,Cloud Computing
S0250,52.4,46.6,82.5,63.7,89.3,51.9,64.8,4,5,2,2,2,4,Artificial Intelligence
S0251,64.5,84.5,49.5,83.0,54.6,63.5,54.6,1,5,5,4,1,1,Web Development
S0252,75.1,92.8,63.7,59.1,51.3,86.4,74.4,5,2,2,1,2,4,Cyber Security
S0253,95.9,58.0,75.1,31.9,69.6,90.6,80.1,5,4,3,5,5,1,Web Development
S0254,55.2,74.5,29.3,79.3,23.3,87.2,48.6,3,3,3,2,3,4,Web Development
S0255,66.3,59.1,80.5,52.6,44.2,76.8,64.4,2,1,4,2,3,2,Data Science
S0256,81.7,60.6,47.3,66.8,79.6,46.2,78.5,3,2,4,4,1,2,Machine Learning
S0257,76.5,81.6,70.0,47.1,25.3,72.3,36.8,5,4,5,2,4,1,Cloud Computing
S0258,64.4,69.4,68.7,92.9,82.4,46.4,60.2,3,4,1,3,3,5,Artificial Intelligence
S0259,68.0,96.1,81.3,42.5,90.2,42.7,37.7,1,3,3,4,3,3,Machine Learning
S0260,49.4,62.8,73.3,53.3,52.6,68.6,40.3,1,4,4,1,5,4,Cloud Computing
S0261,66.4,85.0,29.3,62.1,65.8,72.8,48.7,5,4,3,1,3,2,Artificial Intelligence
S0262,66.0,71.5,53.2,38.2,82.4,78.6,69.5,4,2,4,4,5,1,Machine Learning
S0263,73.5,81.9,67.1,66.6,50.7,72.5,53.6,4,2,4,2,3,1,Data Science
S0264,61.7,63.3,62.1,92.2,77.4,73.0,47.0,1,5,2,5,2,3,Web Development
S0265,77.1,69.3,72.2,50.2,46.6,50.2,61.0,1,5,1,5,5,2,Cloud Computing
S0266,85.2,68.3,76.8,67.9,50.4,63.4,37.1,2,1,5,5,4,4,Cloud Computing
S0267,72.3,57.5,74.1,5.0,44.0,42.4,68.6,2,4,5,5,4,4,Cyber Security
S0268,75.3,79.9,61.8,59.2,66.9,34.9,82.6,2,1,5,5,2,2,Data Science
S0269,70.8,79.8,37.3,53.7,83.2,76.1,58.4,3,5,2,2,4,3,Web Development
S0270,70.0,78.9,58.2,43.6,56.3,53.7,55.9,2,3,2,5,3,2,Machine Learning
S0271,59.2,93.1,71.2,81.6,34.6,78.1,67.5,1,4,2,2,1,4,Web Development
S0272,74.7,91.7,48.6,53.5,38.3,81.6,19.4,3,4,1,3,2,4,Web Development
S0273,68.5,64.4,74.5,56.5,67.9,55.7,70.7,4,4,1,1,5,4,Cloud Computing
S0274,100.0,75.6,78.6,52.5,96.9,73.9,100.0,4,2,2,5,3,1,Machine Learning
S0275,93.6,60.6,66.9,21.7,67.9,55.1,57.5,2,5,5,3,4,2,Web Development
S0276,75.8,70.4,19.0,37.4,52.3,37.3,57.6,2,3,2,5,1,5,Cyber Security
S0277,58.6,61.0,45.8,79.2,75.3,66.8,74.9,3,3,3,2,2,2,Artificial Intelligence
S0278,53.3,94.3,93.3,17.8,55.2,57.9,92.9,1,2,3,2,5,1,Data Science
S0279,87.9,75.5,56.8,44.7,52.4,58.4,79.5,5,1,2,3,3,1,Machine Learning
S0280,73.9,66.7,35.2,52.0,40.8,94.6,16.9,5,3,5,5,5,1,Web Development
S0281,77.2,87.9,83.5,94.9,88.2,42.1,71.3,1,2,1,3,5,4,Cloud Computing
S0282,43.8,37.4,65.2,75.4,9.2,70.7,100.0,5,4,5,4,2,1,Data Science
S0283,83.9,39.8,81.6,48.9,76.0,50.1,72.4,1,2,4,2,5,3,Cloud Computing
S0284,76.8,81.9,69.2,86.1,50.7,78.6,36.9,3,5,2,4,4,2,Web Development
S0285,53.3,70.9,71.9,45.2,51.8,69.5,65.6,4,4,4,4,1,1,Web Development
S0286,62.9,73.8,70.4,80.2,93.8,70.7,34.4,2,3,3,5,1,5,Machine Learning
S0287,74.0,50.1,75.5,32.8,45.7,50.8,84.7,2,4,5,1,1,4,Data Science
S0288,70.8,69.7,99.2,81.5,46.4,53.5,40.9,1,4,1,2,4,5,Cyber Security
S0289,65.6,100.0,79.6,51.9,57.4,78.9,61.5,4,4,1,1,1,5,Cyber Security
S0290,68.4,82.4,41.3,39.4,68.3,91.6,42.8,1,3,3,3,2,5,Web Development
S0291,66.2,72.5,71.7,55.7,51.2,72.2,49.1,3,5,5,4,3,4,Web Development
S0292,72.3,63.4,82.1,65.5,28.5,51.5,89.7,2,2,1,4,1,3,Data Science
S0293,92.1,64.1,83.0,50.1,42.7,70.1,62.1,5,3,4,4,2,4,Cyber Security
S0294,31.5,38.1,58.6,71.1,85.6,100.0,48.8,5,2,5,4,4,3,Artificial Intelligence
S0295,66.4,73.9,82.5,48.3,61.5,66.5,37.1,5,3,3,5,5,1,Cloud Computing
S0296,72.6,82.7,78.9,72.4,69.0,86.9,22.6,4,5,5,5,3,2,Web Development
S0297,74.4,46.4,100.0,68.8,54.8,53.9,35.0,3,4,4,3,4,3,Cloud Computing
S0298,64.4,60.1,53.7,58.8,46.8,64.4,62.2,2,2,2,5,3,1,Web Development
S0299,43.6,52.6,57.4,51.2,93.6,74.3,79.6,1,5,5,1,3,5,Data Science
S0300,74.9,55.5,60.4,63.0,56.2,71.0,48.8,5,4,4,4,3,5,Web Development
S0301,95.9,70.8,57.6,71.0,51.1,53.5,91.4,2,3,1,3,5,3,Cloud Computing
S0302,47.0,38.7,51.6,100.0,81.9,52.9,45.6,3,1,3,5,1,3,Artificial Intelligence
S0303,83.0,79.2,23.6,78.8,45.6,79.8,55.2,1,3,4,3,3,5,Web Development
S0304,65.1,81.3,58.5,79.5,48.1,82.9,38.4,2,5,5,1,1,3,Web Development
S0305,69.1,66.2,70.5,100.0,60.2,87.7,79.8,4,3,4,4,5,4,Cloud Computing
S0306,54.2,32.8,57.6,70.3,60.0,92.1,100.0,3,1,3,5,4,3,Web Development
S0307,65.0,55.1,94.0,69.7,65.2,67.0,24.8,3,1,2,1,1,2,Artificial Intelligence
S0308,89.5,88.5,65.2,74.1,100.0,60.3,53.1,2,5,1,1,4,4,Machine Learning
S0309,78.7,28.3,84.4,39.8,66.7,85.3,85.3,1,3,1,4,3,1,Web Development
S0310,96.0,64.8,68.9,51.1,12.4,75.7,31.1,5,4,4,3,1,2,Web Development
S0311,87.7,52.3,77.4,49.9,66.5,50.3,71.3,3,2,5,3,5,4,Cloud Computing
S0312,76.6,82.1,69.2,73.0,60.8,49.5,84.4,2,1,1,1,2,4,Cyber Security
S0313,96.2,59.9,85.5,56.5,60.9,72.4,61.6,2,3,4,3,1,5,Cyber Security
S0314,76.6,76.1,65.8,62.8,64.9,62.3,71.0,4,4,3,3,4,4,Cyber Security
S0315,82.4,78.5,72.4,81.7,59.4,64.6,95.2,3,2,1,5,2,1,Machine Learning
S0316,65.6,97.5,70.5,77.3,58.9,81.1,99.0,2,4,2,2,4,5,Data Science
S0317,71.0,67.0,60.7,56.8,72.3,76.4,58.8,5,3,2,2,1,3,Machine Learning
S0318,59.5,75.6,71.1,46.6,49.2,84.9,49.4,5,2,4,1,5,1,Cloud Computing
S0319,84.8,47.7,98.5,82.7,41.0,36.0,41.6,1,2,2,3,3,3,Cyber Security
S0320,52.3,87.9,60.9,75.5,100.0,68.8,79.5,4,2,5,4,3,1,Machine Learning
S0321,81.7,58.6,71.3,27.9,45.7,75.4,32.6,5,2,2,2,5,3,Cloud Computing
S0322,67.1,61.6,83.9,53.7,62.0,42.1,54.9,3,4,1,4,3,3,Machine Learning
S0323,87.6,69.7,82.1,63.3,30.1,55.2,62.1,1,2,1,5,1,1,Web Development
S0324,81.3,46.6,65.2,75.6,62.3,52.4,49.9,1,4,3,1,3,5,Cyber Security
S0325,97.3,73.4,29.2,78.2,41.3,65.3,65.6,4,2,3,3,4,3,Cloud Computing
S0326,81.0,84.5,72.8,65.7,51.2,89.4,100.0,5,2,4,4,2,5,Data Science
S0327,46.4,74.4,31.7,71.7,80.9,95.3,57.6,1,5,3,1,1,3,Web Development
S0328,69.0,46.2,87.0,61.3,69.4,52.8,51.3,3,5,1,1,1,3,Web Development
S0329,52.4,68.1,67.5,46.5,71.4,72.9,80.3,3,3,2,2,5,5,Cloud Computing
S0330,62.2,81.1,80.0,54.8,24.6,73.4,64.8,2,2,3,1,1,2,Data Science
S0331,92.7,41.8,51.5,60.4,96.7,70.8,88.8,4,4,2,2,3,5,Web Development
S0332,79.6,53.9,41.7,59.3,36.2,71.0,63.3,5,1,4,1,5,1,Cloud Computing
S0333,59.5,83.1,68.9,22.3,90.6,69.6,55.0,2,3,5,5,2,5,Machine Learning
S0334,54.8,74.1,64.5,52.1,80.4,90.3,24.3,1,3,2,3,2,4,Web Development
S0335,70.5,76.2,57.6,61.1,71.5,81.5,27.6,2,4,3,2,4,3,Web Development
S0336,51.8,97.9,66.3,54.4,42.9,49.1,23.3,2,1,5,4,4,2,Data Science
S0337,59.9,77.0,100.0,55.1,63.0,76.9,67.6,4,1,2,1,1,3,Data Science
S0338,74.7,79.9,77.5,69.8,50.6,78.4,32.8,3,2,3,3,3,3,Cloud Computing
S0339,87.3,100.0,80.7,38.4,60.6,69.7,85.1,1,1,2,4,1,5,Cyber Security
S0340,79.1,66.8,77.7,27.4,55.0,82.0,60.6,2,3,4,5,2,5,Cyber Security
S0341,35.6,58.0,87.2,53.0,19.2,67.8,55.1,4,5,4,2,2,3,Data Science
S0342,74.6,76.4,62.1,75.3,82.4,68.0,43.1,3,2,1,3,5,2,Cloud Computing
S0343,71.1,76.6,34.2,93.8,58.4,66.8,72.4,3,3,1,4,5,2,Artificial Intelligence
S0344,76.2,62.1,62.2,75.6,50.3,34.7,43.9,2,2,1,4,4,2,Cloud Computing
S0345,94.2,54.5,77.2,30.6,48.8,63.8,40.3,2,1,1,1,4,1,Cloud Computing
S0346,39.1,100.0,50.5,55.4,67.2,55.0,83.8,1,4,1,5,1,1,Data Science
S0347,61.1,74.9,62.4,65.1,42.1,47.2,67.1,1,2,4,2,1,4,Data Science
S0348,78.9,59.0,54.6,63.6,14.9,86.5,55.3,1,3,5,2,4,2,Web Development
S0349,46.3,83.7,87.5,70.8,68.1,72.6,72.8,4,4,3,1,3,3,Data Science
S0350,92.1,68.4,76.2,41.7,70.4,64.6,60.2,1,5,5,1,3,4,Cyber Security
S0351,75.5,66.2,74.8,61.3,56.0,56.5,67.7,3,1,4,2,4,4,Cyber Security
S0352,82.7,78.4,74.3,68.4,37.0,69.4,43.7,5,3,5,1,2,2,Web Development
S0353,61.4,50.6,64.4,76.5,61.8,79.9,100.0,4,5,4,4,4,4,Web Development
S0354,82.2,75.3,68.0,43.9,30.7,52.6,48.4,3,3,1,3,4,1,Cloud Computing
S0355,86.0,98.7,47.2,53.1,39.5,64.9,91.1,1,1,3,2,2,3,Data Science
S0356,73.5,77.0,32.2,5.9,45.0,78.0,56.2,3,2,3,3,4,1,Web Development
S0357,73.5,64.4,67.3,47.6,76.9,36.0,76.1,5,4,4,4,1,3,Machine Learning
S0358,74.1,62.4,69.9,49.5,52.7,64.1,74.7,2,4,4,1,2,1,Data Science
S0359,57.0,63.8,83.1,39.6,51.0,58.6,82.9,5,2,1,2,4,5,Cyber Security
S0360,67.8,66.2,88.6,63.3,99.1,63.0,43.2,4,1,4,5,5,4,Machine Learning
S0361,67.7,64.3,88.5,58.9,67.0,57.5,81.5,2,2,5,1,1,2,Data Science
S0362,75.8,83.7,50.0,14.8,66.8,67.1,96.9,1,2,1,5,4,4,Machine Learning
S0363,85.0,44.0,59.7,64.3,52.6,93.9,54.8,1,4,3,5,3,2,Web Development
S0364,54.1,82.9,72.2,41.4,48.1,60.1,60.7,2,5,5,2,4,3,Data Science
S0365,68.1,64.3,100.0,69.7,16.3,69.4,49.5,2,1,1,2,4,1,Cloud Computing
S0366,92.2,75.7,87.2,34.4,79.4,94.9,53.1,4,4,1,2,1,3,Web Development
S0367,58.8,53.1,81.8,60.6,69.0,56.7,94.2,3,4,5,3,4,1,Data Science
S0368,57.7,89.9,59.2,54.3,56.4,92.2,39.9,3,4,1,2,2,1,Web Development
S0369,73.0,88.7,51.8,66.1,57.3,65.1,41.2,4,5,4,4,1,3,Web Development
S0370,82.7,84.4,76.8,62.5,74.7,91.7,92.2,4,1,5,2,3,3,Data Science
S0371,70.2,47.3,48.5,54.9,28.9,76.3,72.5,4,4,3,5,1,2,Web Development
S0372,89.9,82.4,61.4,29.3,48.2,69.6,100.0,5,1,3,5,4,1,Data Science
S0373,82.9,76.1,63.3,30.5,37.3,64.0,51.0,2,5,3,3,3,3,Web Development
S0374,82.6,45.9,88.9,48.3,95.4,55.6,62.5,5,3,2,3,3,5,Cyber Security
S0375,78.3,69.6,59.7,59.8,77.5,66.1,46.8,3,1,2,1,1,4,Cyber Security
S0376,100.0,75.5,28.4,47.8,15.9,78.5,62.9,1,4,3,1,4,1,Web Development
S0377,66.9,78.3,72.6,72.5,29.7,64.8,24.5,1,4,5,3,1,5,Cyber Security
S0378,39.9,72.7,54.5,54.4,57.4,60.3,73.7,1,3,5,3,2,3,Data Science
S0379,94.1,74.4,65.6,40.7,50.6,61.2,66.5,5,2,5,2,2,3,Cyber Security
S0380,63.1,92.1,63.7,54.4,33.5,79.9,58.8,1,1,1,1,4,1,Cloud Computing
S0381,71.6,88.4,60.9,64.5,98.9,83.4,52.2,5,5,2,5,3,2,Machine Learning
S0382,89.6,27.0,76.9,66.5,66.3,55.0,42.1,4,1,4,3,5,4,Cloud Computing
S0383,46.0,65.2,42.0,97.6,69.5,55.0,74.6,3,5,3,3,5,2,Artificial Intelligence
S0384,51.2,67.5,57.2,46.6,46.2,70.7,36.6,5,3,2,3,4,1,Web Development
S0385,46.0,43.7,75.3,58.5,74.4,87.9,70.2,5,4,2,3,1,1,Web Development
S0386,58.1,71.4,55.8,68.5,52.4,82.2,100.0,5,4,1,4,4,5,Web Development
S0387,76.6,88.7,40.9,59.5,54.3,46.2,89.7,3,5,2,4,2,5,Cyber Security
S0388,77.9,53.7,75.0,50.0,72.2,61.0,29.9,2,1,3,3,5,1,Cloud Computing
S0389,74.1,75.0,81.8,29.0,27.4,51.0,49.3,1,5,3,1,5,5,Cyber Security
S0390,48.8,56.3,64.3,49.8,91.9,61.0,68.4,5,1,3,5,1,5,Machine Learning
S0391,35.3,59.9,35.6,38.5,63.6,89.1,58.6,5,5,2,2,1,2,Web Development
S0392,70.8,92.2,75.6,25.5,85.6,43.7,32.0,3,2,2,1,4,4,Cyber Security
S0393,62.9,61.9,40.1,44.1,38.5,40.7,67.7,1,5,5,1,1,2,Data Science
S0394,76.9,76.9,69.6,39.1,41.5,52.6,59.8,5,1,3,4,5,2,Cloud Computing
S0395,80.5,41.9,51.7,71.7,36.8,69.3,98.3,2,3,2,2,3,4,Web Development
S0396,72.1,97.9,47.6,72.0,65.0,74.3,54.9,3,3,4,1,3,2,Artificial Intelligence
S0397,81.4,79.0,58.4,41.9,61.3,71.6,83.4,4,5,3,5,5,2,Web Development
S0398,73.4,67.3,62.3,54.8,50.7,82.6,34.7,1,1,3,2,2,2,Web Development
S0399,78.0,78.6,55.3,22.8,39.7,38.6,39.4,1,1,2,5,3,1,Machine Learning
S0400,59.4,48.9,73.8,50.1,34.7,82.8,74.4,1,4,4,5,5,5,Web Development
S0401,67.3,87.7,58.3,68.0,59.0,60.3,81.7,5,1,1,1,1,4,Artificial Intelligence
S0402,73.0,65.1,79.7,76.5,50.7,76.0,40.9,5,4,5,4,1,5,Cyber Security
S0403,82.3,66.9,69.2,45.7,46.3,45.1,60.5,3,1,3,4,1,3,Cyber Security
S0404,64.1,62.6,54.5,81.0,90.9,65.1,32.4,3,5,3,1,2,1,Artificial Intelligence
S0405,77.8,61.3,52.0,29.7,58.4,68.5,56.4,3,3,2,2,1,2,Web Development
S0406,66.0,80.4,40.3,35.0,85.4,82.3,76.7,2,5,3,3,1,2,Web Development
S0407,68.2,73.8,69.4,74.2,49.3,41.2,51.3,3,1,4,1,5,5,Cyber Security
S0408,82.4,79.8,59.7,93.4,64.9,65.5,55.0,2,2,3,4,3,2,Machine Learning
S0409,40.1,69.9,29.4,69.9,58.9,48.7,37.4,4,3,1,2,2,4,Artificial Intelligence
S0410,50.6,77.7,57.0,59.2,26.0,72.6,47.0,2,1,3,5,3,1,Web Development
S0411,47.8,63.7,51.5,16.1,88.6,76.7,95.2,4,1,2,5,5,5,Machine Learning
S0412,35.0,100.0,88.6,19.6,57.3,84.3,61.5,5,2,1,4,3,4,Data Science
S0413,59.8,46.5,39.5,62.6,74.9,57.0,40.0,2,4,5,1,3,3,Web Development
S0414,81.2,88.9,43.4,52.8,45.0,78.9,53.7,1,4,2,1,5,2,Cloud Computing
S0415,65.7,90.5,81.6,37.9,56.7,85.4,28.1,3,1,3,1,1,2,Machine Learning
S0416,73.0,57.2,85.4,61.3,42.7,40.4,39.7,1,1,1,3,3,2,Cloud Computing
S0417,86.3,100.0,53.8,62.3,84.7,74.2,87.2,2,4,2,4,4,3,Machine Learning
S0418,89.9,84.9,55.5,78.9,66.2,79.4,57.2,4,2,2,1,3,5,Cyber Security
S0419,69.0,84.6,74.2,62.7,67.3,61.1,97.8,3,4,1,4,5,2,Cloud Computing
S0420,90.3,70.4,30.1,84.6,87.2,46.8,58.1,3,2,5,1,5,4,Machine Learning
S0421,71.4,66.7,37.1,60.2,83.1,79.1,59.3,4,2,2,2,2,3,Machine Learning
S0422,57.4,66.9,60.8,57.7,75.3,47.0,72.8,1,2,3,3,5,4,Cloud Computing
S0423,61.1,75.9,88.2,81.3,31.6,62.3,6.5,3,2,3,5,2,4,Cyber Security
S0424,47.8,91.0,58.5,40.4,46.1,64.4,64.1,1,4,3,4,2,1,Data Science
S0425,56.7,72.7,66.5,100.0,39.9,75.7,59.0,3,3,3,3,5,1,Cloud Computing
S0426,64.6,56.3,82.0,67.5,74.6,55.6,89.7,2,4,3,1,1,5,Cyber Security
S0427,82.1,82.4,96.6,67.6,63.4,54.7,79.3,5,1,1,2,2,1,Machine Learning
S0428,95.8,83.8,56.3,70.5,32.2,66.5,37.3,2,3,4,4,4,3,Web Development
S0429,49.3,79.8,64.7,97.5,56.2,80.1,84.8,2,3,1,1,3,4,Artificial Intelligence
S0430,75.9,81.2,92.3,75.9,30.1,99.3,54.8,1,5,3,4,5,3,Web Development
S0431,54.4,65.9,42.2,27.9,58.9,42.4,41.9,1,3,2,4,2,1,Machine Learning
S0432,77.1,56.1,80.4,88.1,26.9,69.7,63.9,2,1,3,4,3,1,Cloud Computing
S0433,68.0,57.0,49.7,53.2,70.6,48.7,55.9,2,4,1,2,1,4,Cyber Security
S0434,42.5,45.5,66.5,62.1,67.6,80.3,90.8,4,1,4,2,2,5,Data Science
S0435,83.9,73.6,61.4,34.4,98.2,50.9,66.8,5,5,3,1,1,2,Machine Learning
S0436,60.9,68.7,50.6,70.5,77.0,54.9,64.1,5,2,1,2,4,3,Artificial Intelligence
S0437,62.0,63.4,50.3,47.0,51.5,56.2,78.0,5,4,1,3,2,5,Cyber Security
S0438,54.0,25.7,69.1,62.0,76.4,63.9,81.9,5,4,3,1,4,5,Cyber Security
S0439,60.2,51.3,79.9,54.3,32.0,69.8,75.7,3,3,4,3,2,3,Data Science
S0440,76.4,86.8,63.1,98.5,40.8,72.3,88.4,2,3,3,2,3,4,Data Science
S0441,67.2,60.0,66.1,99.6,66.7,64.9,72.2,4,1,4,3,5,5,Artificial Intelligence
S0442,74.9,75.4,73.6,60.9,16.8,45.1,63.4,2,1,4,2,5,4,Cloud Computing
S0443,75.4,49.1,50.4,61.3,59.3,75.9,84.8,4,4,5,5,1,3,Web Development
S0444,89.8,91.6,76.1,52.5,39.6,64.2,58.2,5,5,5,2,4,4,Cyber Security
S0445,64.9,67.8,77.3,82.1,62.0,82.4,60.7,1,5,5,5,5,2,Web Development
S0446,47.8,74.4,100.0,53.4,38.4,54.4,94.4,4,2,4,1,4,5,Data Science
S0447,86.0,100.0,59.4,51.6,68.5,41.0,92.4,5,2,3,1,1,1,Data Science
S0448,65.0,92.7,58.1,79.6,60.4,64.5,59.8,3,2,3,1,4,2,Artificial Intelligence
S0449,86.7,65.4,76.5,49.2,88.0,84.4,50.9,2,4,4,3,4,2,Web Development
S0450,75.8,61.1,77.3,59.2,60.1,67.4,89.3,2,4,1,5,4,2,Web Development
S0451,68.0,65.1,57.0,28.4,44.6,62.0,76.0,1,4,4,1,3,3,Data Science
S0452,75.2,77.6,59.0,74.1,55.1,51.9,66.3,2,5,3,4,3,4,Web Development
S0453,99.3,68.4,73.1,98.8,33.1,91.4,53.6,4,2,3,4,4,5,Cyber Security
S0454,100.0,64.1,52.6,74.4,68.1,49.6,66.6,3,4,5,2,3,3,Machine Learning
S0455,71.0,92.0,58.8,89.2,71.8,54.1,59.6,2,3,4,2,4,4,Artificial Intelligence
S0456,72.4,68.3,66.3,43.1,100.0,73.6,46.7,3,5,5,5,4,3,Machine Learning
S0457,86.1,100.0,79.9,64.7,47.6,37.2,62.6,5,2,5,4,2,1,Data Science
S0458,57.3,71.4,55.9,41.1,54.6,84.1,65.3,1,1,5,2,4,4,Data Science
S0459,75.0,96.8,37.4,55.4,48.5,74.4,52.5,1,2,2,5,4,1,Web Development
S0460,69.6,75.4,36.3,75.4,64.2,78.5,78.1,5,4,1,3,3,3,Web Development
S0461,74.7,84.4,46.1,62.0,67.6,73.4,85.8,4,5,2,1,4,5,Web Development
S0462,57.5,59.1,45.3,31.7,58.9,62.6,79.4,3,5,4,5,1,4,Web Development
S0463,46.2,57.2,62.7,33.7,81.7,49.1,54.5,5,1,5,5,2,3,Machine Learning
S0464,38.9,76.9,47.2,32.4,47.7,62.9,75.1,3,3,5,3,4,2,Data Science
S0465,53.2,84.8,54.5,69.8,79.7,50.4,61.6,3,1,4,4,5,5,Machine Learning
S0466,63.1,70.6,53.4,100.0,70.8,72.3,35.3,2,2,4,2,4,5,Artificial Intelligence
S0467,65.6,50.7,58.4,87.2,59.8,77.1,73.5,5,5,5,5,4,2,Web Development
S0468,99.1,49.6,84.8,22.1,53.7,87.2,62.9,4,5,4,2,2,1,Web Development
S0469,86.6,48.6,74.9,88.4,100.0,70.6,100.0,2,1,1,2,4,3,Cloud Computing
S0470,55.6,43.5,65.2,78.7,43.7,78.9,89.1,4,1,3,3,2,4,Data Science
S0471,75.2,71.6,58.1,29.1,66.0,60.5,74.2,4,4,2,2,1,5,Cyber Security
S0472,63.9,86.9,58.5,53.9,45.0,57.8,65.0,1,3,4,4,2,5,Cyber Security
S0473,65.7,69.8,69.9,81.9,95.7,72.1,63.3,1,3,4,4,4,2,Machine Learning
S0474,72.8,36.1,73.8,71.0,77.7,59.2,39.9,3,5,2,3,5,2,Cloud Computing
S0475,79.3,67.1,51.4,33.8,46.4,69.0,25.2,4,5,2,4,3,5,Web Development
S0476,64.9,67.6,65.5,72.2,70.3,49.1,42.5,4,5,1,3,5,2,Cloud Computing
S0477,86.0,100.0,34.5,17.2,65.2,51.8,59.0,2,4,2,5,4,3,Machine Learning
S0478,52.9,48.1,68.2,55.5,49.7,74.5,17.9,5,5,5,2,3,2,Web Development
S0479,70.1,64.1,76.4,82.8,75.2,78.3,49.1,3,4,4,4,5,2,Cloud Computing
S0480,100.0,95.6,60.8,60.4,67.8,50.2,55.0,2,5,5,3,3,3,Machine Learning
S0481,73.3,76.7,92.2,50.0,64.3,75.1,55.7,1,3,5,5,3,2,Web Development
S0482,91.5,78.4,51.8,77.8,59.2,57.0,46.8,5,1,5,2,4,3,Machine Learning
S0483,71.4,71.7,68.3,79.5,68.6,65.2,53.2,4,5,1,1,4,2,Artificial Intelligence
S0484,78.7,74.9,64.5,86.2,64.6,86.3,94.5,3,5,2,5,3,1,Web Development
S0485,69.1,81.7,63.5,77.5,61.2,77.1,73.2,2,2,1,5,3,4,Cyber Security
S0486,67.4,57.9,63.3,81.6,47.2,76.9,48.8,1,3,1,4,5,5,Cloud Computing
S0487,58.3,83.2,66.6,74.7,93.9,93.6,58.6,1,3,2,3,1,3,Web Development
S0488,76.5,49.4,77.7,65.3,39.0,54.4,59.4,1,4,2,3,1,2,Web Development
S0489,57.2,74.9,85.7,61.8,68.6,50.2,44.6,3,4,1,4,3,4,Cyber Security
S0490,80.0,72.7,65.0,55.3,53.6,54.2,44.6,1,2,5,4,1,3,Cyber Security
S0491,86.3,60.8,77.2,35.8,95.2,61.2,80.2,1,5,3,2,2,3,Web Development
S0492,75.5,69.7,54.5,40.9,41.9,29.7,51.6,2,5,4,1,3,3,Cyber Security
S0493,65.7,60.7,76.5,54.4,45.3,61.9,38.1,4,5,4,1,3,4,Cyber Security
S0494,76.8,53.9,53.6,64.8,40.6,56.8,59.1,3,3,5,2,2,1,Web Development
S0495,65.4,64.7,81.4,88.8,66.5,76.8,62.4,1,1,1,4,2,1,Artificial Intelligence
S0496,84.0,53.4,98.2,59.2,32.5,70.3,20.5,4,5,2,3,4,1,Cloud Computing
S0497,42.5,74.8,63.2,80.1,50.4,56.0,59.2,3,1,2,4,5,1,Artificial Intelligence
S0498,65.0,52.7,32.1,81.6,17.0,73.8,77.4,1,1,3,3,4,5,Cyber Security
S0499,40.1,80.7,56.8,55.4,64.8,75.8,69.0,4,2,3,2,3,4,Data Science
S0500,47.6,52.3,83.5,71.9,50.0,53.5,100.0,5,1,4,4,1,4,Data Science
S0501,90.5,61.5,73.3,55.1,30.2,57.6,85.0,3,4,3,4,2,4,Cyber Security
S0502,83.4,60.6,68.7,86.4,81.7,31.6,89.0,1,3,2,5,3,1,Machine Learning
S0503,59.2,89.9,80.1,72.7,33.8,48.6,100.0,2,2,3,5,2,2,Data Science
S0504,47.5,75.0,72.3,36.2,75.9,53.9,75.2,3,1,5,2,4,4,Data Science
S0505,25.5,66.8,83.3,63.2,46.0,66.1,63.3,5,2,3,4,2,3,Data Science
S0506,61.8,77.5,78.8,93.0,92.0,50.8,79.5,5,4,3,2,5,3,Artificial Intelligence
S0507,100.0,38.4,87.8,56.4,75.0,57.3,48.8,5,4,1,5,2,4,Cyber Security
S0508,76.5,69.4,70.4,69.0,39.8,46.6,62.2,5,2,1,4,3,1,Machine Learning
S0509,61.6,100.0,78.6,70.9,41.7,67.6,47.0,3,1,2,5,4,4,Cyber Security
S0510,77.0,72.0,60.4,39.3,72.1,71.4,68.0,4,3,1,2,2,4,Machine Learning
S0511,46.6,71.0,56.0,70.2,54.8,71.0,47.0,4,4,3,1,4,3,Artificial Intelligence
S0512,65.5,78.2,90.6,32.1,56.6,65.2,46.3,4,1,5,1,3,3,Data Science
S0513,71.5,83.4,68.2,47.5,85.4,41.9,68.3,4,4,3,3,4,1,Machine Learning
S0514,68.7,40.0,77.1,81.5,45.0,55.7,57.2,1,1,4,5,3,2,Cloud Computing
S0515,81.9,44.8,66.9,67.1,61.8,58.9,21.4,5,2,5,4,5,2,Cloud Computing
S0516,75.2,73.2,56.2,53.9,79.1,59.0,30.9,1,4,4,5,4,5,Cyber Security
S0517,80.0,59.3,65.2,68.9,76.2,66.1,37.1,3,1,4,3,1,1,Machine Learning
S0518,59.7,89.7,86.5,58.8,56.8,86.4,42.3,3,2,4,5,3,2,Web Development
S0519,83.5,65.3,73.3,60.3,54.2,77.2,68.3,5,1,2,5,5,1,Cloud Computing
S0520,94.4,41.0,39.3,73.1,25.2,50.2,64.4,1,2,3,2,2,2,Web Development
S0521,55.4,51.0,61.8,45.5,38.9,75.2,81.3,3,4,2,5,3,1,Web Development
S0522,56.7,28.8,91.7,60.8,66.4,74.6,75.1,2,2,4,1,4,2,Cloud Computing
S0523,90.0,66.5,61.8,53.8,57.2,52.9,81.4,1,1,3,3,2,4,Cyber Security
S0524,67.1,67.2,38.0,28.3,61.5,77.7,72.2,2,2,5,3,3,4,Web Development
S0525,91.1,63.6,93.4,41.6,80.8,62.6,64.2,3,1,1,2,3,2,Cloud Computing
S0526,63.4,86.2,75.2,91.4,36.3,43.9,82.0,5,4,1,5,1,4,Artificial Intelligence
S0527,91.8,88.0,63.9,67.7,55.3,71.8,78.4,2,5,4,4,1,4,Web Development
S0528,72.0,67.4,59.4,33.5,63.8,68.3,67.5,5,1,4,1,3,5,Cyber Security
S0529,73.9,38.0,81.2,29.2,45.9,61.6,85.4,4,4,4,1,1,5,Cyber Security
S0530,93.5,79.3,56.9,57.8,88.6,64.4,13.1,5,2,2,1,5,2,Machine Learning
S0531,64.6,78.3,82.2,91.2,78.2,54.2,54.2,5,1,1,2,3,3,Artificial Intelligence
S0532,55.9,74.6,73.1,56.3,65.8,74.2,53.9,4,4,2,1,4,4,Cloud Computing
S0533,63.3,84.7,68.7,86.1,95.9,64.3,83.1,4,2,3,2,2,2,Artificial Intelligence
S0534,76.8,52.5,67.2,67.0,30.0,67.5,91.4,1,3,3,4,2,3,Web Development
S0535,46.5,100.0,62.4,69.4,59.8,70.4,31.0,4,3,5,5,3,3,Artificial Intelligence
S0536,79.6,55.6,80.7,33.3,67.3,47.7,88.2,1,3,5,4,4,2,Data Science
S0537,61.9,81.2,52.0,78.8,41.7,51.6,36.6,4,1,4,3,2,1,Artificial Intelligence
S0538,87.2,44.7,40.7,53.3,66.0,31.9,37.2,4,2,1,4,2,1,Machine Learning
S0539,34.1,56.0,74.2,77.3,37.9,73.5,55.3,4,4,1,5,1,4,Web Development
S0540,58.2,92.7,74.5,43.7,73.8,46.8,53.6,4,5,3,1,3,5,Cyber Security
S0541,44.7,66.1,72.2,63.5,81.2,67.0,28.8,2,1,4,5,4,4,Machine Learning
S0542,57.6,82.6,71.1,67.0,65.4,70.6,73.0,2,3,4,4,3,2,Data Science
S0543,73.7,73.6,60.2,56.9,22.9,74.0,73.6,3,5,2,2,2,1,Web Development
S0544,67.3,68.4,76.8,68.1,40.7,46.9,81.1,3,2,1,3,2,4,Cyber Security
S0545,66.2,90.5,64.3,54.7,71.3,64.0,51.3,2,3,2,3,2,1,Machine Learning
S0546,67.6,66.5,57.7,47.0,60.4,90.1,59.2,3,5,4,1,2,3,Web Development
S0547,73.1,43.3,60.3,92.1,6.1,90.7,59.4,3,5,5,2,2,5,Web Development
S0548,54.9,58.0,95.3,81.0,84.9,79.8,93.8,2,4,5,2,5,1,Data Science
S0549,80.6,78.3,39.0,44.8,62.7,70.1,3.3,4,4,3,1,2,3,Web Development
S0550,79.9,75.9,72.5,71.4,43.6,49.9,40.9,2,4,1,3,2,5,Cyber Security
S0551,75.8,46.5,39.8,45.1,79.9,75.8,60.1,2,2,5,3,4,2,Web Development
S0552,78.3,59.1,63.4,36.3,46.4,62.6,38.3,3,5,1,2,5,5,Cloud Computing
S0553,74.4,61.3,58.5,80.7,46.2,73.4,54.8,1,1,2,1,3,5,Cyber Security
S0554,100.0,64.5,33.7,25.9,67.2,55.5,57.5,4,1,5,5,4,3,Machine Learning
S0555,68.7,49.4,70.8,78.5,95.6,62.4,46.8,4,4,3,4,1,2,Machine Learning
S0556,65.4,60.6,59.3,54.9,92.5,67.5,61.3,5,5,1,3,3,4,Machine Learning
S0557,58.7,59.1,33.5,55.8,67.2,68.7,72.6,2,5,3,4,1,4,Web Development
S0558,54.5,81.6,77.6,68.2,69.2,72.4,55.3,3,4,1,2,1,3,Artificial Intelligence
S0559,51.3,82.1,86.5,71.6,75.8,56.3,50.9,3,2,2,2,3,1,Artificial Intelligence
S0560,56.7,67.8,87.4,43.5,34.9,44.9,56.7,4,2,5,4,2,4,Data Science
S0561,68.9,64.1,70.4,74.4,72.9,89.4,59.9,4,3,2,4,1,2,Web Development
S0562,75.0,72.1,65.7,62.3,45.3,100.0,25.2,5,2,5,4,1,1,Web Development
S0563,70.8,57.8,84.9,34.9,66.4,71.7,69.2,5,3,3,3,4,1,Cloud Computing
S0564,58.5,52.8,90.2,56.6,55.5,45.1,51.0,1,1,4,1,3,3,Cyber Security
S0565,83.5,55.9,82.0,87.6,70.0,53.4,85.2,2,2,4,4,2,1,Data Science
S0566,81.1,60.5,50.9,93.5,62.4,72.6,71.8,4,5,3,4,5,2,Web Development
S0567,67.6,52.5,68.0,74.3,0.0,85.1,83.4,3,4,1,3,2,2,Web Development
S0568,60.2,72.4,71.6,36.2,63.6,46.8,39.8,3,1,5,2,5,3,Cloud Computing
S0569,78.2,80.9,37.9,69.8,72.8,63.1,52.6,1,2,3,5,2,4,Machine Learning
S0570,72.8,46.2,72.0,77.0,68.9,67.9,35.2,3,2,4,2,1,3,Artificial Intelligence
S0571,48.3,70.4,99.1,74.5,57.9,78.0,45.9,4,2,3,2,1,3,Artificial Intelligence
S0572,69.0,66.7,74.6,75.7,92.8,59.8,85.0,1,4,4,4,2,1,Data Science
S0573,73.9,75.1,87.1,67.3,66.2,41.5,89.7,3,5,2,3,1,1,Data Science
S0574,56.5,69.8,67.7,58.6,68.8,74.3,37.0,5,4,5,3,1,5,Cyber Security
S0575,72.8,48.2,63.9,47.8,80.9,81.9,50.8,3,3,2,4,2,4,Web Development
S0576,48.2,51.1,70.7,22.0,67.3,63.8,58.5,5,1,4,2,5,1,Cloud Computing
S0577,90.0,70.4,52.8,66.8,42.0,71.1,71.7,2,1,3,1,2,3,Cyber Security
S0578,88.7,85.4,50.5,63.7,11.2,57.9,24.8,1,5,3,1,2,1,Web Development
S0579,66.2,36.8,84.0,71.2,50.5,52.3,27.9,4,4,1,5,5,1,Cloud Computing
S0580,75.5,75.2,85.6,33.2,75.2,80.4,69.8,2,3,2,3,2,2,Web Development
S0581,33.9,87.8,50.1,72.9,52.9,70.8,21.0,1,3,1,3,5,4,Cloud Computing
S0582,52.7,67.7,79.5,100.0,76.0,72.4,51.1,1,5,3,2,4,4,Artificial Intelligence
S0583,65.6,78.3,63.7,61.6,63.0,87.5,63.2,5,5,4,4,5,4,Web Development
S0584,53.9,59.5,70.1,58.8,85.8,49.2,68.3,4,1,3,5,3,1,Machine Learning
S0585,80.7,68.2,71.9,66.2,54.1,56.7,57.2,2,2,4,4,3,1,Cloud Computing
S0586,100.0,45.7,79.9,100.0,69.4,67.4,52.7,3,1,2,3,2,3,Cyber Security
S0587,52.4,34.8,66.2,39.5,70.1,56.5,76.9,2,2,2,3,3,5,Cyber Security
S0588,57.4,84.1,86.2,64.1,90.0,76.7,65.7,1,4,3,5,4,4,Machine Learning
S0589,73.5,55.2,69.6,44.0,25.9,62.2,47.1,5,2,2,5,5,4,Cloud Computing
S0590,94.2,63.2,74.4,49.1,50.8,50.1,60.8,5,1,5,2,1,1,Machine Learning
S0591,51.7,49.2,52.5,59.0,77.0,66.0,67.7,2,3,5,5,1,5,Web Development
S0592,73.7,48.9,97.4,86.9,90.9,67.6,94.4,2,3,3,5,1,5,Cyber Security
S0593,97.3,67.4,72.0,96.0,64.8,79.0,75.7,5,4,4,5,4,3,Web Development
S0594,45.2,59.1,75.7,69.0,54.1,70.9,84.3,3,1,1,1,1,2,Data Science
S0595,50.8,75.7,40.9,52.5,75.1,71.9,47.8,2,2,1,1,5,4,Cloud Computing
S0596,63.6,76.8,52.7,100.0,77.4,69.8,49.5,2,4,2,2,2,4,Artificial Intelligence
S0597,62.2,74.8,83.6,51.4,52.8,62.2,55.3,3,4,2,4,2,5,Cyber Security
S0598,82.2,73.6,69.3,48.6,66.6,54.3,57.1,3,5,2,1,5,1,Cloud Computing
S0599,73.6,93.7,36.3,24.5,83.6,69.3,39.8,1,5,3,1,4,3,Web Development
S0600,43.4,54.0,80.6,87.9,97.8,60.0,85.3,3,5,4,1,3,4,Artificial Intelligence
S0601,77.7,69.2,56.8,79.4,74.9,90.3,77.7,3,3,3,1,5,2,Cloud Computing
S0602,61.3,87.0,86.2,100.0,60.9,85.1,53.9,2,5,3,5,4,5,Web Development
S0603,89.1,89.0,63.7,32.2,58.9,74.5,72.8,2,3,1,4,4,1,Web Development
S0604,60.6,48.7,68.1,89.2,71.1,70.7,64.5,3,5,2,4,2,1,Web Development
S0605,60.5,65.3,82.7,61.4,57.7,63.7,74.4,2,2,5,2,5,4,Cloud Computing
S0606,78.1,90.4,51.5,76.1,63.8,46.1,33.1,5,3,5,4,4,1,Machine Learning
S0607,81.4,77.6,50.1,27.0,38.8,61.8,57.1,3,4,1,4,5,3,Cloud Computing
S0608,76.7,72.9,62.1,89.4,85.9,66.5,58.8,3,2,1,3,5,2,Machine Learning
S0609,44.7,66.7,77.4,75.7,37.2,68.4,72.5,2,1,5,5,3,4,Data Science
S0610,78.1,64.2,45.0,59.2,51.4,72.0,47.4,5,5,1,3,2,1,Web Development
S0611,54.5,74.3,40.0,72.9,62.0,78.8,10.0,1,3,3,2,5,2,Cloud Computing
S0612,73.5,66.2,77.4,44.7,99.8,54.6,38.4,3,5,5,4,5,5,Machine Learning
S0613,48.6,69.4,56.0,48.4,51.5,54.8,58.8,1,2,4,5,1,2,Data Science
S0614,76.7,71.2,59.1,50.7,46.7,86.8,61.3,4,5,3,5,4,3,Web Development
S0615,57.9,59.8,37.1,22.9,49.0,76.6,93.7,2,4,2,3,4,5,Web Development
S0616,50.8,78.0,54.8,77.2,93.2,59.1,71.7,2,4,4,3,4,4,Artificial Intelligence
S0617,80.7,100.0,64.9,83.8,3.8,63.4,61.6,1,4,4,5,5,4,Cloud Computing
S0618,73.6,43.3,79.0,46.0,39.9,63.5,59.4,4,2,5,4,2,5,Cyber Security
S0619,60.8,74.9,53.4,67.0,100.0,65.5,82.1,2,5,3,3,5,4,Machine Learning
S0620,91.8,58.6,89.9,54.7,71.8,72.1,48.2,2,5,5,2,4,5,Cyber Security
S0621,63.4,78.7,54.7,66.6,37.9,100.0,57.2,5,4,4,5,1,3,Web Development
S0622,70.5,70.7,54.8,47.4,59.2,67.8,38.2,1,5,1,5,3,5,Web Development
S0623,74.0,81.4,88.1,42.3,61.3,74.9,88.4,3,5,2,1,1,4,Cyber Security
S0624,60.7,87.6,68.2,81.0,76.9,39.7,67.8,1,4,4,1,5,2,Data Science
S0625,77.1,72.9,56.7,58.7,96.8,57.7,45.8,1,3,1,1,4,3,Machine Learning
S0626,62.0,87.0,62.7,100.0,67.8,83.4,57.7,1,5,4,2,5,2,Web Development
S0627,63.8,34.8,85.3,60.9,49.2,71.0,70.2,1,1,2,1,4,2,Cloud Computing
S0628,90.4,93.9,87.0,41.5,75.7,0.0,55.0,5,3,2,5,2,2,Machine Learning
S0629,54.4,75.6,52.7,84.5,46.0,75.1,49.3,3,5,3,5,3,3,Web Development
S0630,33.8,86.2,64.4,72.6,39.3,93.8,46.9,5,5,5,1,5,2,Web Development
S0631,94.2,51.7,66.4,74.5,24.8,35.1,66.8,2,2,5,5,1,4,Cyber Security
S0632,100.0,57.5,50.2,83.8,28.7,87.8,52.8,4,1,3,1,5,2,Cloud Computing
S0633,63.9,72.2,64.2,46.9,42.1,23.4,50.9,1,2,1,4,3,3,Cyber Security
S0634,40.9,69.7,65.1,57.5,36.4,79.1,33.3,1,5,5,2,3,1,Web Development
S0635,65.3,74.2,82.1,56.6,66.3,64.9,61.6,1,3,5,1,4,2,Data Science
S0636,65.7,86.3,83.1,34.2,36.0,29.8,56.4,5,1,4,3,1,2,Data Science
S0637,67.2,43.5,60.1,54.7,0.0,71.7,53.6,4,1,4,5,1,5,Cyber Security
S0638,53.3,84.6,61.8,86.7,39.1,82.3,64.0,4,2,3,5,1,3,Artificial Intelligence
S0639,78.7,70.1,75.0,64.7,50.6,70.5,75.0,5,2,1,1,4,1,Cloud Computing
S0640,77.9,66.9,56.2,33.1,47.9,73.8,74.0,2,1,1,5,1,2,Web Development
S0641,47.6,47.9,73.8,28.9,90.4,58.8,71.1,4,3,1,2,4,4,Machine Learning
S0642,80.5,77.5,63.7,93.3,47.7,37.1,55.2,3,3,5,3,1,1,Artificial Intelligence
S0643,100.0,33.8,50.5,58.2,77.6,75.4,48.7,3,1,1,1,4,1,Cloud Computing
S0644,72.6,79.7,50.6,47.1,59.6,91.2,39.1,4,2,3,5,5,2,Web Development
S0645,64.9,47.6,86.7,54.5,59.2,81.9,48.1,3,4,2,4,3,2,Web Development
S0646,67.9,70.8,62.7,30.5,43.3,35.2,60.4,1,5,1,4,2,3,Web Development
S0647,79.2,68.2,89.6,88.5,58.8,42.3,44.3,1,5,5,4,3,1,Cloud Computing
S0648,44.0,87.5,57.3,52.1,44.7,52.3,61.9,3,3,1,5,4,4,Machine Learning
S0649,72.5,67.3,69.4,87.3,63.4,41.1,40.7,3,1,5,1,4,2,Artificial Intelligence
S0650,64.1,59.6,100.0,61.0,55.3,65.7,26.8,4,5,4,2,4,4,Cloud Computing
S0651,97.7,62.4,49.1,88.6,41.1,70.9,76.4,3,5,4,1,3,3,Web Development
S0652,67.4,89.1,36.5,65.1,79.8,43.5,50.5,1,2,1,3,4,2,Machine Learning
S0653,95.0,78.0,84.3,77.1,68.5,76.7,43.3,2,3,5,3,2,3,Web Development
S0654,53.4,64.2,52.6,74.4,51.0,74.0,38.1,3,1,3,1,2,1,Artificial Intelligence
S0655,78.8,66.5,64.7,72.5,62.9,56.8,68.5,5,5,3,4,5,4,Cloud Computing
S0656,74.8,46.5,56.2,67.0,58.3,62.4,87.5,3,4,4,1,3,2,Web Development
S0657,57.0,75.8,69.0,55.3,42.6,35.8,51.9,4,1,2,4,5,2,Cloud Computing
S0658,72.7,43.6,50.7,98.3,61.4,60.0,55.7,4,4,2,4,4,1,Artificial Intelligence
S0659,88.2,81.3,62.3,41.9,47.6,65.1,81.4,2,3,2,5,3,2,Web Development
S0660,65.1,71.9,71.7,60.1,41.1,67.5,23.8,5,3,3,1,3,2,Cloud Computing
S0661,44.6,100.0,49.9,60.3,27.5,70.7,99.3,4,2,4,5,4,2,Data Science
S0662,69.7,53.5,54.5,68.0,52.8,68.7,100.0,5,5,2,3,1,5,Web Development
S0663,56.5,68.5,59.8,51.4,71.3,61.0,5.9,4,3,2,5,3,2,Machine Learning
S0664,64.9,97.0,43.6,66.3,46.1,69.3,58.0,4,5,5,4,4,1,Web Development
S0665,68.8,87.9,58.7,56.6,100.0,80.0,45.6,1,1,3,4,1,3,Machine Learning
S0666,44.4,59.6,66.8,28.4,77.7,63.6,54.7,3,3,5,1,1,2,Data Science
S0667,45.8,73.4,59.0,60.2,86.1,69.8,51.6,1,2,2,4,1,3,Machine Learning
S0668,77.2,70.0,60.9,38.0,75.9,62.2,76.2,4,5,2,3,3,4,Web Development
S0669,62.2,74.2,64.7,25.3,97.1,55.3,57.7,4,3,2,5,2,1,Machine Learning
S0670,31.5,59.5,55.2,62.7,44.3,72.8,41.8,3,4,3,4,3,3,Web Development
S0671,81.8,68.7,75.4,69.8,8.8,56.7,56.6,2,1,4,1,1,1,Data Science
S0672,74.1,46.0,86.5,70.5,51.1,70.8,70.3,1,4,3,5,2,1,Web Development
S0673,59.3,72.0,58.0,71.3,71.2,65.4,36.3,4,1,2,1,1,1,Artificial Intelligence
S0674,50.2,76.8,72.3,21.3,63.0,60.4,27.1,4,2,5,2,5,1,Cloud Computing
S0675,82.5,66.6,61.4,32.8,65.5,60.1,99.9,3,2,3,2,3,2,Data Science
S0676,75.2,45.8,70.5,99.5,86.4,57.4,47.2,4,1,2,5,1,5,Artificial Intelligence
S0677,100.0,84.8,88.5,39.1,67.6,40.3,57.3,4,3,1,1,3,5,Cyber Security
S0678,76.3,75.5,72.6,72.2,76.0,70.7,52.0,3,2,3,5,5,1,Cloud Computing
S0679,75.8,59.1,38.4,46.3,41.2,68.5,71.0,1,3,4,2,5,5,Cloud Computing
S0680,67.5,65.8,71.8,61.6,38.1,77.7,95.5,5,4,5,4,5,4,Data Science
S0681,82.3,47.5,83.5,47.3,92.3,57.0,71.6,3,1,2,1,3,3,Machine Learning
S0682,79.4,54.6,61.7,71.2,62.0,93.4,29.6,4,4,1,2,2,4,Web Development
S0683,88.8,61.9,79.9,62.7,47.5,59.3,32.3,5,2,5,4,2,3,Cyber Security
S0684,62.2,88.4,54.6,51.0,47.6,51.9,52.0,2,2,3,4,2,2,Machine Learning
S0685,63.5,60.4,42.7,39.0,47.0,50.1,54.6,4,3,1,5,5,3,Cloud Computing
S0686,62.8,79.6,67.1,65.4,45.8,39.0,25.6,1,4,1,5,1,4,Cyber Security
S0687,81.9,61.9,38.7,35.7,34.3,88.0,76.4,5,4,3,3,5,4,Web Development
S0688,92.5,73.7,61.4,68.5,30.0,85.6,38.3,1,1,4,2,5,1,Cloud Computing
S0689,63.1,67.9,84.3,100.0,56.1,74.0,89.9,3,3,2,2,5,5,Cloud Computing
S0690,63.6,83.1,36.4,87.0,48.1,51.6,96.4,2,2,2,5,4,2,Data Science
S0691,74.7,62.0,45.8,74.4,82.1,92.2,55.0,1,2,4,4,5,5,Web Development
S0692,66.3,46.4,49.5,58.3,65.9,59.7,68.8,3,5,5,5,1,2,Web Development
S0693,84.3,49.3,64.1,21.2,65.3,61.0,35.4,5,1,3,3,5,1,Cloud Computing
S0694,36.2,62.0,59.5,33.6,45.1,86.6,72.5,1,3,3,3,3,5,Web Development
S0695,57.6,51.3,86.0,85.7,57.6,74.9,50.0,2,3,2,5,5,3,Cloud Computing
S0696,58.3,76.2,79.3,44.2,67.2,98.0,38.3,1,2,1,4,1,2,Web Development
S0697,35.2,63.0,72.4,46.0,74.3,68.7,54.2,1,4,1,2,5,1,Cloud Computing
S0698,55.5,100.0,67.2,56.7,58.1,59.0,50.7,2,3,5,3,3,1,Data Science
S0699,56.3,43.9,70.9,38.8,81.6,55.8,53.5,3,4,1,2,1,1,Machine Learning
S0700,67.0,73.1,52.1,35.5,60.2,37.3,79.0,4,2,5,4,3,5,Data Science
S0701,86.7,53.1,77.9,59.0,75.9,60.8,44.3,4,5,2,1,1,1,Web Development
S0702,66.3,62.6,48.3,42.2,50.2,82.2,94.7,4,4,4,5,1,1,Web Development
S0703,54.5,72.1,77.5,45.2,23.7,74.0,33.5,4,2,5,5,3,5,Cyber Security
S0704,69.1,35.1,82.8,44.4,65.4,65.3,92.3,2,5,4,1,5,5,Cloud Computing
S0705,85.7,73.6,68.2,70.4,74.5,50.1,39.7,5,5,4,4,1,2,Machine Learning
S0706,55.4,98.5,62.4,55.4,71.5,68.4,60.0,1,3,2,1,2,4,Cyber Security
S0707,56.3,63.2,71.0,56.4,68.4,80.2,50.2,4,1,3,2,2,3,Machine Learning
S0708,78.4,73.9,22.1,71.9,53.0,71.5,53.1,1,3,4,2,3,3,Web Development
S0709,66.7,85.4,69.5,57.2,43.9,67.5,76.0,4,4,3,3,1,2,Data Science
S0710,79.7,67.5,63.3,54.4,71.0,53.0,90.0,1,2,1,5,4,4,Cyber Security
S0711,69.8,61.3,64.2,69.4,68.5,78.0,83.8,2,1,5,3,3,5,Cyber Security
S0712,80.5,35.9,75.6,73.4,48.8,18.0,51.9,2,3,1,2,5,4,Cloud Computing
S0713,54.5,79.6,63.9,57.1,82.2,70.7,63.7,4,5,5,1,2,5,Cyber Security
S0714,69.8,68.3,47.9,61.6,42.3,100.0,44.4,1,2,5,5,3,1,Web Development
S0715,66.8,54.8,62.9,44.4,48.3,42.4,40.2,2,3,1,2,1,4,Cyber Security
S0716,51.8,71.9,66.0,42.8,92.7,61.4,37.1,2,1,4,3,5,5,Machine Learning
S0717,46.5,61.2,66.7,75.4,77.4,64.9,51.2,4,4,4,1,5,3,Artificial Intelligence
S0718,80.3,62.1,67.4,68.9,52.8,58.1,65.0,5,5,2,2,2,5,Cyber Security
S0719,64.7,79.1,80.6,69.1,65.7,80.5,21.8,4,4,5,3,3,2,Web Development
S0720,54.7,49.9,48.7,65.6,63.1,72.1,59.1,3,3,1,5,5,5,Web Development
S0721,68.6,85.7,67.6,60.9,5.1,67.3,90.3,2,1,2,2,2,5,Cyber Security
S0722,86.9,49.0,84.3,73.9,41.9,77.0,82.4,5,3,5,3,2,4,Cyber Security
S0723,35.8,60.1,39.0,78.7,59.0,65.3,48.3,1,5,4,5,2,4,Web Development
S0724,47.6,98.8,67.7,78.2,52.9,100.0,32.1,1,1,1,2,4,3,Cloud Computing
S0725,56.2,86.9,56.2,58.0,64.9,67.3,69.2,2,2,1,2,2,2,Machine Learning
S0726,91.9,71.5,59.4,87.7,82.6,67.9,13.7,2,5,2,1,1,3,Web Development
S0727,74.2,55.9,51.4,64.6,53.6,39.3,82.2,3,3,1,5,1,5,Cyber Security
S0728,81.5,62.1,62.5,72.6,38.8,56.8,55.7,5,1,1,1,5,1,Cloud Computing
S0729,52.9,71.1,92.6,65.6,66.5,82.2,96.6,4,1,3,2,5,2,Data Science
S0730,53.2,70.6,46.0,64.9,53.5,45.0,25.5,2,3,1,1,5,3,Cloud Computing
S0731,76.7,68.6,47.5,45.3,56.9,32.6,78.4,2,3,2,4,2,2,Machine Learning
S0732,70.9,69.5,45.5,74.0,54.2,65.5,58.0,4,5,2,2,3,4,Web Development
S0733,78.2,66.8,90.9,100.0,100.0,85.6,53.4,2,5,5,4,3,2,Web Development
S0734,67.2,48.4,58.1,52.5,15.2,65.6,32.6,5,3,5,4,3,4,Web Development
S0735,74.2,62.3,64.6,61.4,52.2,60.0,71.9,3,3,5,1,1,1,Data Science
S0736,72.4,83.7,59.0,51.1,59.9,37.1,73.5,3,5,2,2,3,2,Machine Learning
S0737,81.7,49.5,50.8,50.2,44.4,71.8,95.7,5,4,3,1,1,4,Web Development
S0738,82.1,67.2,61.5,90.9,78.0,74.9,80.2,2,2,3,1,2,3,Artificial Intelligence
S0739,45.7,57.7,100.0,46.5,76.3,38.3,48.1,3,4,5,3,2,4,Data Science
S0740,36.3,71.7,85.9,50.5,59.0,82.0,39.9,3,4,4,2,4,4,Web Development
S0741,85.0,64.2,52.2,28.3,54.6,76.5,32.6,2,2,5,1,5,2,Cloud Computing
S0742,87.8,92.2,74.7,44.8,57.8,82.0,89.5,1,5,3,3,4,3,Web Development
S0743,54.7,77.6,52.5,25.8,57.9,73.8,44.4,2,2,5,3,3,5,Cyber Security
S0744,42.1,50.3,38.4,72.6,58.4,74.8,89.6,1,3,4,5,3,5,Web Development
S0745,71.5,80.1,80.3,100.0,56.2,72.8,70.5,4,3,4,4,3,1,Artificial Intelligence
S0746,84.0,58.4,82.4,52.7,65.0,78.0,66.6,1,4,4,2,1,4,Web Development
S0747,97.0,61.3,80.7,26.7,75.1,37.7,53.9,2,5,2,3,5,3,Cloud Computing
S0748,77.7,74.7,58.0,78.0,35.4,42.5,73.2,5,2,4,1,5,1,Cloud Computing
S0749,64.4,62.6,62.5,45.5,39.0,54.0,59.7,3,2,2,2,2,4,Cyber Security
S0750,56.6,83.4,76.2,86.0,25.0,63.1,52.6,4,4,4,3,1,1,Data Science
S0751,70.2,58.4,70.9,54.4,77.3,70.8,73.9,4,5,2,1,1,2,Web Development
S0752,65.5,60.7,59.1,47.4,65.0,69.9,57.1,2,5,4,5,4,4,Web Development
S0753,54.8,60.2,40.7,56.4,70.1,81.8,44.0,4,4,3,3,1,5,Web Development
S0754,100.0,61.5,66.7,75.2,31.4,82.2,72.0,2,4,4,4,1,3,Web Development
S0755,96.8,86.5,81.2,55.5,95.7,51.9,58.7,4,4,2,2,4,5,Cyber Security
S0756,87.0,79.4,47.0,50.1,47.8,68.6,69.8,4,5,4,5,1,5,Web Development
S0757,56.2,95.6,74.6,56.0,63.4,52.3,50.9,5,1,5,2,1,3,Data Science
S0758,82.8,100.0,70.0,34.6,77.1,62.2,35.8,5,3,1,5,1,1,Machine Learning
S0759,79.6,54.5,76.3,67.9,40.3,69.8,94.7,1,1,2,3,4,4,Cloud Computing
S0760,76.6,71.1,78.1,24.3,49.1,13.9,90.9,2,3,4,4,2,1,Data Science
S0761,88.7,52.4,54.6,51.1,63.6,100.0,77.7,3,2,5,2,2,5,Web Development
S0762,79.5,58.3,40.7,75.2,100.0,73.5,52.2,2,2,4,5,4,2,Machine Learning
S0763,81.1,60.5,57.0,66.1,66.0,56.1,54.0,4,5,3,1,1,4,Cyber Security
S0764,79.6,54.1,78.3,71.8,92.1,93.9,87.6,5,4,2,1,3,4,Web Development
S0765,75.1,54.2,56.9,58.7,84.1,59.8,52.9,2,3,5,3,3,3,Machine Learning
S0766,43.2,67.8,54.6,83.4,67.4,67.0,47.3,5,5,5,5,4,5,Artificial Intelligence
S0767,71.3,51.7,37.7,78.5,40.2,57.7,97.4,5,1,5,5,4,4,Data Science
S0768,61.7,82.6,91.3,68.9,81.2,89.8,59.0,5,4,2,5,4,5,Machine Learning
S0769,50.8,56.2,77.4,78.6,30.0,63.4,95.4,1,1,3,3,2,1,Data Science
S0770,95.2,100.0,76.5,75.0,92.0,67.2,32.0,2,2,2,5,1,3,Machine Learning
S0771,95.9,63.2,79.5,51.2,64.0,83.1,70.4,1,1,5,3,3,5,Cyber Security
S0772,90.4,71.1,73.7,33.1,7.0,73.8,100.0,1,3,5,3,1,5,Cyber Security
S0773,73.8,50.6,61.3,68.4,53.2,64.2,60.6,1,4,1,1,3,3,Web Development
S0774,90.3,95.6,62.5,70.9,73.1,81.7,54.7,3,4,2,4,4,1,Web Development
S0775,70.2,86.8,58.6,81.8,55.3,100.0,36.6,1,3,3,2,5,2,Web Development
S0776,73.0,74.5,100.0,41.3,74.3,69.8,81.6,2,5,3,1,4,3,Cloud Computing
S0777,53.6,49.8,73.3,41.9,43.0,66.8,44.6,5,2,3,2,5,4,Cloud Computing
S0778,76.0,73.2,58.0,69.2,33.9,67.6,58.1,5,1,2,4,3,5,Cyber Security
S0779,70.9,53.2,72.0,58.6,58.6,84.7,35.3,5,1,4,2,3,1,Cloud Computing
S0780,50.5,91.9,49.8,22.3,60.6,56.0,91.1,1,1,5,2,2,2,Data Science
S0781,69.2,82.1,87.6,67.5,53.0,60.8,83.1,4,3,5,2,4,2,Data Science
S0782,68.8,71.4,55.1,23.0,84.5,41.9,59.4,4,3,3,3,5,5,Machine Learning
S0783,97.0,33.5,72.5,41.1,43.0,47.2,36.9,1,5,5,4,2,1,Web Development
S0784,83.4,55.2,81.0,87.0,66.3,57.2,90.7,5,1,4,4,1,2,Data Science
S0785,70.2,80.3,70.8,96.5,61.4,64.2,52.7,3,2,1,1,1,2,Artificial Intelligence
S0786,73.7,88.2,66.4,35.7,28.9,91.5,37.9,5,5,4,2,4,1,Web Development
S0787,70.7,86.6,65.2,53.4,33.6,73.0,24.8,1,1,2,4,4,4,Cyber Security
S0788,67.0,46.1,64.2,60.9,60.2,51.3,47.1,4,3,4,2,1,3,Cyber Security
S0789,53.8,74.5,56.3,95.6,99.6,54.1,30.9,1,1,4,1,1,3,Artificial Intelligence
S0790,67.7,85.2,58.3,50.1,71.6,85.6,47.5,5,3,5,2,4,5,Cyber Security
S0791,58.8,45.1,87.2,50.5,25.5,81.9,74.9,4,5,5,4,2,3,Web Development
S0792,51.2,69.9,63.4,91.0,0.0,65.4,52.5,1,2,5,4,3,2,Data Science
S0793,77.7,74.1,53.2,52.5,74.7,58.4,67.1,2,2,3,1,2,2,Machine Learning
S0794,75.9,65.5,57.3,74.4,58.1,81.9,45.5,2,3,3,4,4,5,Web Development
S0795,43.2,42.2,81.5,30.5,82.8,50.1,61.3,1,4,3,1,4,3,Cloud Computing
S0796,68.2,65.1,75.1,56.6,42.4,70.9,98.4,1,5,5,4,1,1,Data Science
S0797,84.9,65.1,73.4,26.8,67.0,99.1,53.0,5,1,2,3,1,4,Web Development
S0798,85.9,67.8,61.1,38.9,76.9,68.1,67.7,5,3,3,1,3,4,Machine Learning
S0799,85.4,61.5,73.6,76.8,51.1,53.4,28.7,3,4,4,2,4,2,Cloud Computing
S0800,70.6,63.4,55.3,59.0,51.5,71.2,90.4,5,1,1,5,1,3,Machine Learning
S0801,57.3,69.4,61.1,53.6,60.5,57.9,50.5,4,5,4,3,1,3,Web Development
S0802,53.7,76.6,79.5,45.0,70.9,44.1,81.0,1,2,2,4,4,1,Data Science
S0803,75.2,65.4,78.1,55.6,59.7,75.5,57.5,4,3,2,4,3,1,Web Development
S0804,75.7,63.9,50.3,66.0,79.5,81.8,72.2,1,5,4,1,1,4,Web Development
S0805,89.3,71.4,52.2,79.7,50.8,60.3,73.4,5,4,1,5,4,4,Web Development
S0806,86.5,41.2,66.6,7.5,33.4,59.3,51.0,2,5,1,2,1,4,Web Development
S0807,68.0,77.2,90.9,43.4,99.5,50.6,81.8,1,4,3,4,2,2,Machine Learning
S0808,51.3,70.0,36.3,63.2,47.9,62.8,44.8,2,2,3,3,4,3,Cloud Computing
S0809,65.2,70.6,69.2,58.0,48.6,56.6,75.6,4,4,1,3,2,5,Cyber Security
S0810,73.3,84.4,44.4,68.1,58.7,49.8,52.2,5,4,2,2,1,2,Artificial Intelligence
S0811,67.0,40.7,55.5,65.4,61.3,93.4,67.0,3,2,2,5,5,4,Web Development
S0812,61.3,40.4,59.5,53.9,52.3,72.0,50.8,1,1,3,1,2,1,Web Development
S0813,73.8,74.1,58.7,49.5,59.7,73.6,61.0,5,4,2,5,3,1,Web Development
S0814,62.4,69.9,57.0,55.1,59.2,78.3,38.5,4,3,1,2,5,5,Cloud Computing
S0815,60.6,72.6,65.1,83.0,63.5,76.6,65.0,3,4,3,5,5,1,Web Development
S0816,74.7,63.1,57.0,45.4,12.9,58.8,60.9,3,1,5,1,5,4,Cloud Computing
S0817,64.0,80.0,43.1,58.7,97.6,69.1,49.2,5,3,3,1,2,3,Machine Learning
S0818,73.7,84.0,76.7,63.7,57.1,61.0,58.9,2,5,2,1,5,5,Cyber Security
S0819,74.1,77.3,76.3,91.2,71.6,71.6,62.7,1,5,3,3,1,3,Web Development
S0820,52.9,66.1,77.6,54.0,32.4,70.1,47.7,1,5,1,2,2,4,Web Development
S0821,62.8,38.4,41.9,79.2,50.6,59.3,57.4,4,2,2,3,1,5,Cyber Security
S0822,91.6,81.5,69.5,84.6,46.6,45.1,39.9,5,1,3,5,3,5,Cyber Security
S0823,52.6,88.3,75.1,58.7,89.4,67.2,100.0,4,3,3,1,5,4,Data Science
S0824,38.3,79.7,49.5,55.8,48.3,61.9,81.2,4,3,3,3,4,1,Data Science
S0825,42.1,56.8,65.1,53.4,75.2,36.6,65.5,2,2,5,4,5,1,Data Science
S0826,70.4,80.1,63.3,54.9,47.0,72.6,83.4,3,1,4,3,1,3,Data Science
S0827,70.5,82.9,92.6,77.1,50.9,79.5,20.4,1,1,1,5,4,4,Cyber Security
S0828,68.2,93.4,93.9,64.6,55.1,100.0,8.8,2,2,3,4,4,4,Web Development
S0829,88.2,56.9,40.0,64.7,85.7,59.1,52.0,4,4,3,1,3,4,Machine Learning
S0830,29.9,66.6,100.0,37.5,22.2,56.9,32.4,5,1,1,3,1,1,Data Science
S0831,75.9,81.2,51.3,40.7,33.7,48.4,55.3,5,1,2,2,1,1,Machine Learning
S0832,93.4,70.9,79.7,100.0,21.1,68.1,64.1,5,2,5,1,5,1,Cloud Computing
S0833,53.1,53.2,79.6,56.4,38.2,68.0,78.4,1,5,2,5,2,3,Web Development
S0834,64.3,76.2,50.1,44.5,43.8,52.8,37.2,5,5,3,2,4,4,Cyber Security
S0835,58.7,78.7,72.4,88.6,27.7,62.4,68.0,2,3,2,1,5,1,Cloud Computing
S0836,56.6,71.3,63.4,65.6,45.3,35.3,60.3,4,1,1,2,3,5,Cyber Security
S0837,65.1,73.3,73.3,71.6,19.7,78.9,67.0,5,1,2,5,2,2,Web Development
S0838,91.4,66.1,68.5,57.2,39.6,53.4,49.6,5,5,4,3,3,4,Cyber Security
S0839,97.6,92.2,82.9,53.6,84.0,64.5,87.7,4,3,5,5,2,4,Machine Learning
S0840,65.0,56.5,66.1,56.6,68.1,43.6,57.9,2,1,4,3,1,1,Machine Learning
S0841,98.6,61.2,62.5,32.3,63.7,56.3,95.5,3,5,5,1,5,5,Cyber Security
S0842,70.5,70.2,81.4,58.2,39.9,60.8,44.2,4,3,4,2,2,5,Cyber Security
S0843,96.3,83.2,73.7,65.9,29.3,64.8,74.9,3,2,4,1,4,5,Cyber Security
S0844,68.6,47.5,76.0,97.0,37.2,72.2,58.8,3,3,3,3,4,1,Cloud Computing
S0845,72.0,50.3,55.0,61.7,59.1,86.6,53.4,3,2,1,2,3,2,Web Development
S0846,75.5,39.4,49.3,13.3,77.4,76.0,72.6,3,5,3,5,3,2,Web Development
S0847,100.0,70.5,56.5,58.1,78.0,79.4,54.0,1,4,5,2,1,3,Web Development
S0848,82.8,53.2,55.7,100.0,72.6,86.7,6.8,5,1,3,2,3,5,Artificial Intelligence
S0849,59.4,64.2,76.8,77.3,45.2,73.5,0.0,1,4,4,5,4,4,Web Development
S0850,84.5,79.9,79.6,43.8,60.5,64.4,85.4,5,1,1,3,1,4,Cyber Security
S0851,64.6,60.4,62.7,71.8,53.6,80.1,84.6,1,3,2,1,2,3,Web Development
S0852,62.7,73.5,86.5,45.2,56.0,81.1,97.7,3,4,2,3,4,5,Cyber Security
S0853,83.6,65.5,85.5,32.9,100.0,74.7,59.6,3,1,2,2,5,5,Cloud Computing
S0854,70.5,80.1,68.7,53.0,24.8,43.2,34.1,3,4,5,4,2,5,Cyber Security
S0855,74.2,77.1,52.7,61.8,55.3,52.4,51.6,3,2,3,3,5,5,Cyber Security
S0856,70.2,59.6,88.6,22.6,84.2,60.9,60.2,5,4,4,4,1,4,Machine Learning
S0857,75.0,67.5,64.1,37.0,30.7,76.7,39.9,1,3,4,5,3,1,Web Development
S0858,76.4,85.7,66.9,60.2,47.1,64.7,93.0,5,1,3,4,5,2,Data Science
S0859,40.9,75.9,59.9,51.8,49.4,82.1,100.0,4,4,5,2,3,4,Data Science
S0860,80.0,49.0,51.7,67.9,55.5,84.7,69.6,4,2,2,2,3,2,Web Development
S0861,55.3,79.8,43.0,35.7,28.1,83.0,59.8,1,5,1,3,1,1,Web Development
S0862,48.4,53.7,74.5,74.3,71.9,83.1,34.1,1,5,4,3,3,5,Web Development
S0863,69.1,91.2,53.2,36.3,73.3,49.4,90.9,2,1,4,2,3,3,Data Science
S0864,71.3,85.4,100.0,92.9,70.2,72.2,61.5,2,4,2,5,5,5,Cyber Security
S0865,59.6,74.3,48.7,25.7,42.6,55.9,54.2,4,2,5,5,2,2,Data Science
S0866,82.5,72.4,46.1,38.1,61.7,40.3,69.6,5,4,1,2,2,2,Machine Learning
S0867,49.9,66.9,72.7,68.3,42.0,60.7,48.3,3,3,2,4,4,2,Cloud Computing
S0868,63.9,80.2,87.9,93.3,53.3,84.9,62.9,4,2,1,5,5,2,Cloud Computing
S0869,61.2,64.4,66.0,66.3,100.0,71.9,31.2,1,4,1,1,2,3,Machine Learning
S0870,69.3,73.5,73.6,71.3,61.9,95.3,81.7,4,2,4,2,4,2,Data Science
S0871,74.2,83.1,37.3,60.4,36.2,67.7,57.9,1,5,4,4,5,5,Web Development
S0872,54.9,61.6,54.8,39.5,63.6,100.0,83.2,4,5,4,3,4,2,Web Development
S0873,80.9,60.8,48.9,50.2,33.0,67.7,56.0,2,1,5,4,3,3,Web Development
S0874,70.9,52.1,36.6,35.8,36.0,65.3,57.3,3,4,1,3,2,5,Web Development
S0875,41.6,54.0,66.8,34.4,39.2,45.8,35.8,2,5,4,1,2,3,Web Development
S0876,40.6,42.6,31.4,68.0,51.1,81.7,75.2,3,1,1,3,1,1,Web Development
S0877,69.8,80.9,45.2,37.5,78.7,57.5,42.5,5,4,5,3,1,1,Machine Learning
S0878,66.7,97.1,56.9,66.4,71.6,55.3,50.3,5,5,4,5,3,3,Machine Learning
S0879,68.4,91.4,52.5,34.0,70.5,84.2,60.0,2,2,4,1,1,4,Cyber Security
S0880,69.6,45.6,70.9,65.9,38.0,82.4,62.4,2,3,3,1,1,5,Cyber Security
S0881,73.4,80.9,69.6,50.2,49.2,82.0,25.9,3,4,2,1,4,1,Web Development
S0882,84.2,91.3,78.4,88.1,65.4,59.6,55.4,4,2,4,3,1,3,Artificial Intelligence
S0883,53.3,63.1,76.3,66.5,47.4,64.2,75.9,1,2,5,5,1,2,Data Science
S0884,52.4,71.5,82.1,84.7,54.4,64.1,52.4,4,2,1,4,3,3,Artificial Intelligence
S0885,53.6,39.9,65.0,44.9,68.8,76.7,55.5,5,2,5,5,5,3,Cloud Computing
S0886,74.3,74.0,69.6,61.1,53.0,88.3,63.2,5,4,4,5,4,2,Web Development
S0887,88.7,54.0,72.7,40.4,64.5,70.5,57.5,3,2,1,4,1,1,Web Development
S0888,63.5,73.0,67.1,51.7,91.9,94.6,39.4,2,2,5,4,1,1,Machine Learning
S0889,32.5,46.6,59.0,54.8,56.6,78.5,59.3,2,5,1,2,4,3,Web Development
S0890,44.4,78.1,60.0,45.5,83.6,61.5,79.9,4,3,4,5,4,2,Machine Learning
S0891,57.5,85.4,52.7,35.7,71.2,77.4,39.0,3,5,1,4,2,2,Web Development
S0892,61.6,58.3,71.3,31.7,30.7,90.6,52.5,1,4,1,5,5,1,Web Development
S0893,63.9,52.9,63.6,13.2,38.0,95.0,32.4,4,5,4,5,5,1,Web Development
S0894,70.6,37.7,55.1,38.9,43.3,82.8,78.8,1,1,4,2,4,1,Cloud Computing
S0895,65.3,66.0,55.1,72.5,42.9,65.4,58.2,5,5,4,1,4,2,Web Development
S0896,85.7,61.3,46.8,28.0,58.2,61.7,43.0,3,5,2,5,4,1,Web Development
S0897,59.9,46.7,79.7,32.6,72.3,73.6,61.8,2,1,5,3,1,2,Data Science
S0898,57.1,76.8,66.2,95.8,85.1,90.1,35.9,1,2,1,5,4,2,Artificial Intelligence
S0899,77.2,63.3,52.1,47.3,66.2,71.5,39.3,1,3,5,4,5,2,Cloud Computing
S0900,47.0,53.9,77.1,66.4,51.1,71.8,30.8,5,3,2,2,2,1,Artificial Intelligence
S0901,75.8,61.7,56.6,72.8,18.4,65.8,38.7,3,4,4,2,1,1,Web Development
S0902,71.5,86.1,43.9,73.3,61.4,60.1,87.1,5,4,5,4,2,5,Data Science
S0903,67.8,79.0,80.3,29.6,60.5,62.6,45.3,5,2,2,2,2,4,Cyber Security
S0904,93.8,68.0,56.9,55.4,63.7,67.0,69.3,1,4,3,2,5,1,Cloud Computing
S0905,60.7,79.3,58.9,27.6,100.0,90.8,43.3,2,5,5,2,3,2,Web Development
S0906,100.0,52.6,65.6,100.0,84.8,61.4,75.2,5,3,5,4,4,2,Machine Learning
S0907,66.6,70.5,82.1,28.1,75.7,65.8,39.5,3,5,2,1,5,5,Cyber Security
S0908,50.8,72.2,65.3,39.0,40.8,52.0,60.8,3,4,3,1,4,5,Cyber Security
S0909,71.0,63.0,47.0,39.2,49.7,75.7,61.1,3,5,2,1,4,4,Web Development
S0910,53.9,76.5,73.2,30.1,58.1,85.5,100.0,4,5,3,4,5,1,Web Development
S0911,58.7,58.3,57.7,87.1,44.5,89.4,72.6,5,1,2,1,4,3,Artificial Intelligence
S0912,76.0,77.6,93.3,100.0,70.0,68.1,48.1,5,5,1,3,2,3,Artificial Intelligence
S0913,78.3,78.3,65.0,50.5,67.1,73.6,73.7,4,1,5,1,4,4,Data Science
S0914,60.7,26.2,31.5,33.6,38.2,62.7,100.0,3,5,4,3,2,5,Web Development
S0915,84.8,87.9,70.4,15.3,83.9,72.9,27.4,2,5,3,1,2,2,Web Development
S0916,87.4,24.3,94.2,55.1,62.0,69.7,43.2,1,2,1,1,4,3,Cloud Computing
S0917,91.5,60.8,88.6,53.7,25.4,65.9,55.3,4,1,1,3,2,2,Cloud Computing
S0918,77.9,85.4,92.5,47.0,59.0,67.1,51.7,1,3,3,4,1,2,Web Development
S0919,90.5,65.2,49.7,64.4,65.6,71.8,53.3,4,2,4,1,5,2,Cloud Computing
S0920,41.8,48.0,78.7,67.9,79.5,60.6,33.9,3,3,2,3,3,4,Artificial Intelligence
S0921,65.2,53.6,54.2,66.5,53.3,61.4,88.1,4,1,4,5,4,3,Data Science
S0922,57.0,85.4,68.4,53.7,76.6,90.6,31.5,5,1,2,4,5,4,Machine Learning
S0923,71.8,41.2,45.9,38.0,63.7,100.0,56.0,3,3,1,4,4,4,Web Development
S0924,61.4,86.9,55.3,73.3,33.7,46.9,80.9,3,4,3,2,4,2,Data Science
S0925,67.5,69.2,54.9,60.3,31.7,46.1,59.4,3,2,1,5,4,5,Cyber Security
S0926,98.2,52.1,78.5,77.8,82.5,50.6,40.4,2,2,1,1,2,1,Machine Learning
S0927,67.5,61.3,77.0,75.8,83.9,63.5,33.0,1,1,1,4,5,5,Cloud Computing
S0928,76.2,54.7,69.2,31.6,66.5,78.4,55.4,1,2,2,3,4,1,Cloud Computing
S0929,66.5,83.0,44.7,31.3,89.9,73.9,44.9,4,2,3,1,1,2,Machine Learning
S0930,71.1,81.0,60.3,44.9,81.1,67.6,64.1,5,2,5,5,1,5,Machine Learning
S0931,70.1,44.2,53.8,38.9,73.7,72.9,32.0,1,2,2,4,5,4,Cloud Computing
S0932,76.7,63.9,78.0,75.1,41.8,54.6,76.3,2,2,1,2,5,2,Cloud Computing
S0933,87.5,57.1,82.7,67.0,94.6,61.3,62.3,4,4,1,1,5,5,Cloud Computing
S0934,94.7,89.4,80.8,82.0,70.7,64.7,63.8,4,2,2,4,1,1,Machine Learning
S0935,74.6,49.7,53.7,67.9,52.3,41.2,88.8,4,4,2,3,5,4,Cloud Computing
S0936,78.8,94.1,23.9,64.2,46.6,47.6,51.2,4,4,2,1,5,3,Cloud Computing
S0937,52.7,69.5,38.5,84.0,65.1,48.2,45.5,1,4,5,5,4,2,Artificial Intelligence
S0938,68.7,52.6,86.3,69.4,26.6,76.5,49.0,2,3,2,4,3,5,Cyber Security
S0939,84.1,59.8,59.0,61.4,74.0,68.7,56.1,3,5,4,3,3,4,Web Development
S0940,83.0,58.0,53.7,89.6,40.9,74.2,58.2,1,2,4,2,3,1,Web Development
S0941,73.2,50.9,89.6,62.3,67.4,37.4,43.4,2,5,1,2,1,1,Machine Learning
S0942,83.3,71.4,84.0,53.9,49.6,42.7,19.5,2,2,2,3,3,1,Cloud Computing
S0943,77.4,51.6,65.4,43.2,54.7,74.9,48.8,5,1,3,1,2,3,Cyber Security
S0944,88.0,37.3,60.6,74.1,44.9,23.3,67.2,2,5,3,2,2,3,Cyber Security
S0945,74.3,64.3,63.0,84.7,56.8,83.4,62.7,5,5,1,2,1,4,Web Development
S0946,64.7,43.0,68.4,59.0,97.8,37.7,84.0,4,1,4,1,3,4,Machine Learning
S0947,75.0,58.7,89.0,86.2,87.7,77.7,99.1,4,3,2,1,1,1,Artificial Intelligence
S0948,26.0,56.4,71.3,20.6,67.1,51.7,75.2,5,3,2,2,5,3,Data Science
S0949,75.7,56.9,75.9,58.9,59.5,80.7,87.7,5,2,4,2,5,4,Cloud Computing
S0950,15.3,100.0,82.5,59.2,76.9,100.0,75.3,2,3,5,2,5,5,Data Science
S0951,44.1,70.8,47.5,45.5,82.6,30.9,94.2,3,4,5,4,2,2,Data Science
S0952,76.8,73.7,76.3,100.0,43.4,75.4,97.0,3,3,5,3,1,1,Data Science
S0953,77.2,43.4,60.6,58.7,58.5,37.9,79.0,5,3,3,1,3,1,Cloud Computing
S0954,52.6,60.2,27.3,51.8,23.6,71.4,74.1,1,5,1,5,4,2,Web Development
S0955,59.3,73.2,33.1,60.5,82.5,61.9,55.9,3,2,2,4,1,3,Machine Learning
S0956,90.6,54.6,49.7,19.9,100.0,66.9,59.2,2,4,2,3,5,2,Machine Learning
S0957,62.7,83.6,73.0,44.8,61.6,51.3,53.2,2,2,2,1,3,1,Data Science
S0958,100.0,52.0,66.7,79.7,17.5,76.7,72.4,4,5,2,5,5,2,Web Development
S0959,70.0,65.7,67.8,47.4,72.2,43.3,45.6,2,2,1,4,1,2,Machine Learning
S0960,76.1,61.2,94.3,43.4,41.9,83.6,56.2,4,5,1,3,3,3,Web Development
S0961,94.3,72.5,46.0,86.2,46.7,58.9,12.9,5,4,4,1,3,1,Artificial Intelligence
S0962,72.0,60.4,64.6,86.8,72.5,44.0,94.5,4,2,3,1,1,4,Artificial Intelligence
S0963,55.0,65.9,69.6,70.3,65.1,88.9,55.6,1,4,1,2,4,3,Web Development
S0964,68.4,66.5,54.0,50.9,50.2,64.0,69.1,1,2,3,2,5,2,Cloud Computing
S0965,69.5,59.0,65.4,55.2,47.0,93.6,89.2,3,2,5,2,3,5,Data Science
S0966,49.5,77.3,41.0,43.9,62.5,83.3,66.0,3,2,3,3,2,4,Web Development
S0967,66.2,73.6,86.1,40.1,51.8,53.0,88.9,4,4,2,1,4,1,Data Science
S0968,58.9,68.7,54.8,39.1,37.8,63.7,35.2,3,2,2,2,2,1,Web Development
S0969,83.9,63.5,95.5,47.6,53.3,66.8,100.0,1,3,2,5,2,1,Data Science
S0970,70.5,81.9,64.5,39.3,66.8,87.9,81.7,5,3,2,5,4,3,Web Development
S0971,65.8,66.5,80.4,28.7,56.4,71.6,64.2,5,1,5,1,3,2,Data Science
S0972,68.4,65.4,64.2,64.4,31.7,67.6,88.5,4,2,5,4,2,2,Data Science
S0973,73.3,71.6,64.5,64.7,79.8,62.0,36.6,4,2,2,5,3,3,Machine Learning
S0974,79.3,95.4,56.2,94.0,5.2,64.2,54.2,5,2,5,3,5,3,Cloud Computing
S0975,55.0,49.9,66.8,46.6,51.1,84.6,88.9,3,5,5,2,3,1,Web Development
S0976,54.4,81.5,69.8,65.9,47.6,65.1,22.7,1,2,1,3,1,1,Web Development
S0977,86.6,41.6,53.2,66.3,63.0,59.1,71.2,4,3,3,2,5,4,Cloud Computing
S0978,63.8,73.3,63.1,54.9,71.2,56.5,70.6,3,4,4,2,4,5,Cyber Security
S0979,48.7,93.6,55.8,74.9,82.5,56.7,99.4,4,4,3,5,2,5,Artificial Intelligence
S0980,76.7,77.3,99.5,75.5,45.8,44.0,28.3,4,4,3,4,5,5,Cyber Security
S0981,77.0,72.6,63.7,66.5,71.7,53.7,92.2,3,3,3,3,5,3,Cloud Computing
S0982,47.0,61.6,88.2,54.9,63.9,87.5,48.8,2,5,4,1,5,5,Cloud Computing
S0983,73.4,70.5,62.1,52.8,25.8,61.9,51.1,3,5,2,5,2,5,Web Development
S0984,81.0,66.2,68.9,32.6,98.0,75.6,35.6,4,2,3,1,5,5,Cloud Computing
S0985,75.6,58.2,45.2,43.9,31.2,27.8,38.2,4,1,2,4,5,1,Cloud Computing
S0986,79.5,65.7,58.3,47.6,68.4,73.5,68.1,3,2,5,2,5,1,Cloud Computing
S0987,48.9,73.0,68.2,37.5,67.8,62.6,37.8,3,5,1,2,3,3,Web Development
S0988,75.0,58.5,88.8,68.8,65.5,57.8,74.8,5,5,1,1,2,3,Cyber Security
S0989,65.5,57.9,68.3,83.9,50.1,67.7,46.7,2,4,1,2,2,5,Cyber Security
S0990,62.8,49.6,85.8,41.8,76.5,57.6,35.7,1,4,2,4,5,2,Cloud Computing
S0991,83.1,75.9,74.6,65.7,28.8,33.1,49.4,4,2,4,3,3,5,Cyber Security
S0992,92.2,78.2,89.4,39.3,58.7,78.8,66.7,5,3,5,1,5,5,Cyber Security
S0993,96.9,73.5,64.1,53.9,48.7,68.6,54.5,4,1,3,2,3,5,Cyber Security
S0994,89.7,84.5,100.0,46.2,46.5,60.3,60.7,3,3,1,1,3,1,Cloud Computing
S0995,68.4,71.3,57.7,72.0,68.6,50.5,73.9,2,1,2,3,1,2,Machine Learning
S0996,75.3,75.9,53.5,46.4,81.5,43.0,81.6,3,1,1,5,3,2,Machine Learning
S0997,81.5,74.6,46.8,80.2,53.1,68.4,53.8,1,5,3,5,3,4,Web Development
S0998,71.8,68.6,100.0,55.1,75.6,89.2,39.1,3,5,4,5,1,4,Web Development
S0999,72.0,62.0,77.3,47.0,61.0,68.0,61.5,2,4,1,1,1,3,Web Development
S1000,82.4,100.0,60.0,34.9,42.1,44.3,69.4,2,4,4,3,3,1,Data Science
